month,recipient_city_name,recipient_state_code,trump_era_flag,deobligated_amount_usd
2020-10-01,ABINGTON,MA,0,26313.57
2020-10-01,AMHERST,MA,0,151881.91
2020-10-01,ANDOVER,MA,0,32802.53
2020-10-01,AUBURNDALE,MA,0,1217.66
2020-10-01,BELMONT,MA,0,65804.0
2020-10-01,BEVERLY,MA,0,61600.0
2020-10-01,BOSTON,MA,0,25494139.99
2020-10-01,BROOKLINE,MA,0,9087.9
2020-10-01,CAMBRIDGE,MA,0,759919.37
2020-10-01,CHELSEA,MA,0,67509.79
2020-10-01,CHESTNUT HILL,MA,0,19893.14
2020-10-01,CHICOPEE,MA,0,201.72
2020-10-01,DEDHAM,MA,0,13293.44
2020-10-01,DORCHESTER,MA,0,111293.58
2020-10-01,EAST BRIDGEWATER,MA,0,4195.42
2020-10-01,EAST WEYMOUTH,MA,0,0.35
2020-10-01,FITCHBURG,MA,0,355986.06999999995
2020-10-01,FRAMINGHAM,MA,0,173017.65
2020-10-01,GREENFIELD,MA,0,10963.03
2020-10-01,HANSCOM AFB,MA,0,75400.0
2020-10-01,HAVERHILL,MA,0,2.0
2020-10-01,HYANNIS,MA,0,8662.2
2020-10-01,LAWRENCE,MA,0,105838.01
2020-10-01,LOWELL,MA,0,10327.61
2020-10-01,LYNN,MA,0,390685.42
2020-10-01,MALDEN,MA,0,109357.29
2020-10-01,MARLBOROUGH,MA,0,41966.0
2020-10-01,MEDFORD,MA,0,51317.59
2020-10-01,MIDDLETON,MA,0,3677.18
2020-10-01,NATICK,MA,0,327493.49
2020-10-01,NEEDHAM HEIGHTS,MA,0,224499.68000000002
2020-10-01,PEABODY,MA,0,6.0
2020-10-01,PITTSFIELD,MA,0,21287.989999999998
2020-10-01,PLYMOUTH,MA,0,630.01
2020-10-01,RANDOLPH,MA,0,2840.42
2020-10-01,REVERE,MA,0,97381.88
2020-10-01,ROXBURY,MA,0,15623.0
2020-10-01,ROXBURY CROSSING,MA,0,505992.0
2020-10-01,SALEM,MA,0,18302.59
2020-10-01,SOMERVILLE,MA,0,65003.47
2020-10-01,SOUTH BOSTON,MA,0,189.88
2020-10-01,SPRINGFIELD,MA,0,7.2
2020-10-01,WALTHAM,MA,0,180318.84
2020-10-01,WESTFIELD,MA,0,20630.49
2020-10-01,WESTWOOD,MA,0,739.0
2020-10-01,WORCESTER,MA,0,173932.52999999997
2020-11-01,AMHERST,MA,0,796190.26
2020-11-01,ANDOVER,MA,0,2012.99
2020-11-01,BEVERLY,MA,0,46200.0
2020-11-01,BOSTON,MA,0,141588238.55
2020-11-01,CAMBRIDGE,MA,0,680336.18
2020-11-01,CHELSEA,MA,0,12147.84
2020-11-01,CHESTNUT HILL,MA,0,611940.1699999999
2020-11-01,CONCORD,MA,0,326104.0
2020-11-01,DORCHESTER,MA,0,30000.0
2020-11-01,EAST BOSTON,MA,0,0.01
2020-11-01,EAST TAUNTON,MA,0,40030.18
2020-11-01,FALL RIVER,MA,0,98354.19
2020-11-01,FITCHBURG,MA,0,88990.82
2020-11-01,FRAMINGHAM,MA,0,42220.0
2020-11-01,GREENFIELD,MA,0,1967.8
2020-11-01,HADLEY,MA,0,6500000.0
2020-11-01,LEXINGTON,MA,0,23710.0
2020-11-01,LOWELL,MA,0,762.7099999999999
2020-11-01,MALDEN,MA,0,123883.34
2020-11-01,MASHPEE,MA,0,19933.0
2020-11-01,MEDFORD,MA,0,43.0
2020-11-01,NEW BEDFORD,MA,0,3393.0
2020-11-01,NORTH DARTMOUTH,MA,0,75393.0
2020-11-01,NORWOOD,MA,0,857.7
2020-11-01,SOMERVILLE,MA,0,25.15
2020-11-01,SOUTH BOSTON,MA,0,242101.32
2020-11-01,TAUNTON,MA,0,10645.0
2020-11-01,WALTHAM,MA,0,690552.62
2020-11-01,WELLESLEY HILLS,MA,0,3693.71
2020-11-01,WOODS HOLE,MA,0,16267.34
2020-11-01,WORCESTER,MA,0,1790601.67
2020-12-01,AMHERST,MA,0,304117.81
2020-12-01,BELMONT,MA,0,8109083.95
2020-12-01,BOSTON,MA,0,29370388.96
2020-12-01,BRAINTREE,MA,0,40.0
2020-12-01,CAMBRIDGE,MA,0,1376129.34
2020-12-01,CHARLESTOWN,MA,0,5114.38
2020-12-01,CONCORD,MA,0,531239.0
2020-12-01,DORCHESTER,MA,0,513077.8
2020-12-01,EAST BOSTON,MA,0,550096.03
2020-12-01,EAST WEYMOUTH,MA,0,13329.0
2020-12-01,FALL RIVER,MA,0,1195.0
2020-12-01,FRAMINGHAM,MA,0,1.0
2020-12-01,HANSCOM AFB,MA,0,10000.0
2020-12-01,LOWELL,MA,0,6943.0
2020-12-01,LYNN,MA,0,135027.66
2020-12-01,MALDEN,MA,0,258768137.81
2020-12-01,MAYNARD,MA,0,39833.0
2020-12-01,MEDFORD,MA,0,3986.0
2020-12-01,NEW BEDFORD,MA,0,72937.22
2020-12-01,NORTHAMPTON,MA,0,1811.25
2020-12-01,PLYMOUTH,MA,0,0.01
2020-12-01,QUINCY,MA,0,100.0
2020-12-01,REVERE,MA,0,498.0
2020-12-01,SANDWICH,MA,0,68794.0
2020-12-01,SOMERVILLE,MA,0,32556.399999999994
2020-12-01,SOUTHWICK,MA,0,2335.0
2020-12-01,SPRINGFIELD,MA,0,896.2
2020-12-01,TAUNTON,MA,0,63.0
2020-12-01,WAKEFIELD,MA,0,9000.0
2020-12-01,WALTHAM,MA,0,43934.45
2020-12-01,WATERTOWN,MA,0,4048514.0
2020-12-01,WESTFIELD,MA,0,2605.0
2020-12-01,WESTFORD,MA,0,82368.45
2020-12-01,WOODS HOLE,MA,0,118186.0
2020-12-01,WORCESTER,MA,0,47258.33
2021-01-01,AMHERST,MA,0,349.21000000000004
2021-01-01,ANDOVER,MA,0,1250.0
2021-01-01,ATTLEBORO,MA,0,66.0
2021-01-01,BARNSTABLE,MA,0,85.0
2021-01-01,BOSTON,MA,0,25947689.990000002
2021-01-01,BROCKTON,MA,0,388.0
2021-01-01,BROOKLINE,MA,0,231.0
2021-01-01,CAMBRIDGE,MA,0,1234788.36
2021-01-01,CHESTNUT HILL,MA,0,64933.74
2021-01-01,DORCHESTER,MA,0,72125.95
2021-01-01,EAST WEYMOUTH,MA,0,138.0
2021-01-01,FALL RIVER,MA,0,621.0
2021-01-01,FALMOUTH,MA,0,651.38
2021-01-01,HANSCOM AFB,MA,0,456785.87
2021-01-01,HYANNIS,MA,0,43.0
2021-01-01,LAWRENCE,MA,0,442.76
2021-01-01,LOWELL,MA,0,320983.58
2021-01-01,MALDEN,MA,0,1114127.94
2021-01-01,MASHPEE,MA,0,1179.0
2021-01-01,MEDFORD,MA,0,454281.41
2021-01-01,NEW BEDFORD,MA,0,21.88
2021-01-01,NEWTON CENTER,MA,0,621.0
2021-01-01,PITTSFIELD,MA,0,169.0
2021-01-01,PLYMOUTH,MA,0,59.0
2021-01-01,QUINCY,MA,0,23516.0
2021-01-01,SOMERVILLE,MA,0,102784.69
2021-01-01,SOUTH YARMOUTH,MA,0,19.0
2021-01-01,SPRINGFIELD,MA,0,865.0
2021-01-01,WALTHAM,MA,0,354.33000000000004
2021-01-01,WELLESLEY HILLS,MA,0,14378.96
2021-01-01,WESTBOROUGH,MA,0,40.39
2021-01-01,WESTFIELD,MA,0,99560.04
2021-01-01,WOODS HOLE,MA,0,353.59
2021-01-01,WORCESTER,MA,0,952471.34
2021-02-01,AMHERST,MA,0,9505.9
2021-02-01,ANDOVER,MA,0,47312.93
2021-02-01,ARLINGTON,MA,0,282.8
2021-02-01,AUBURN,MA,0,41980.0
2021-02-01,BEDFORD,MA,0,5995700.0
2021-02-01,BELMONT,MA,0,33836.76
2021-02-01,BEVERLY,MA,0,110220.0
2021-02-01,BOSTON,MA,0,789548299.06
2021-02-01,BROCKTON,MA,0,1459377.0
2021-02-01,BROOKLINE,MA,0,283799.0
2021-02-01,CAMBRIDGE,MA,0,12317516.77
2021-02-01,CHELSEA,MA,0,344266.0
2021-02-01,CHESTNUT HILL,MA,0,5280.18
2021-02-01,CHICOPEE,MA,0,296104.0
2021-02-01,CLINTON,MA,0,55236.0
2021-02-01,CONCORD,MA,0,4233.0
2021-02-01,DANVERS,MA,0,16686.0
2021-02-01,DEDHAM,MA,0,18939.0
2021-02-01,DRACUT,MA,0,22938.0
2021-02-01,FALL RIVER,MA,0,1598392.0
2021-02-01,FALMOUTH,MA,0,72706.0
2021-02-01,FITCHBURG,MA,0,30316.02
2021-02-01,FRAMINGHAM,MA,0,251972.0
2021-02-01,GLOUCESTER,MA,0,71698.0
2021-02-01,GROVELAND,MA,0,24131.0
2021-02-01,HANSCOM AFB,MA,0,11200.0
2021-02-01,HANSON,MA,0,4892.0
2021-02-01,HAVERHILL,MA,0,179836.0
2021-02-01,HOLYOKE,MA,0,658142.0
2021-02-01,HUDSON,MA,0,44992.0
2021-02-01,HYANNIS,MA,0,22515.0
2021-02-01,LAWRENCE,MA,0,747244.0
2021-02-01,LEOMINSTER,MA,0,108.0
2021-02-01,LEXINGTON,MA,0,44674.0
2021-02-01,LOWELL,MA,0,1277460.1
2021-02-01,LYNN,MA,0,512877.0
2021-02-01,MALDEN,MA,0,1461204.64
2021-02-01,MAYNARD,MA,0,35124.0
2021-02-01,MEDFORD,MA,0,426820.0
2021-02-01,MEDWAY,MA,0,48840.0
2021-02-01,METHUEN,MA,0,11300.0
2021-02-01,MILFORD,MA,0,37861.0
2021-02-01,NEEDHAM,MA,0,440.0
2021-02-01,NEEDHAM HEIGHTS,MA,0,101139.0
2021-02-01,NEW BEDFORD,MA,0,1385176.53
2021-02-01,NEWBURYPORT,MA,0,28513.0
2021-02-01,NEWTON HIGHLANDS,MA,0,249200.0
2021-02-01,NORTH ADAMS,MA,0,192002.0
2021-02-01,NORTH ANDOVER,MA,0,46574.0
2021-02-01,NORTHAMPTON,MA,0,81937.0
2021-02-01,NORWOOD,MA,0,41454.0
2021-02-01,PEMBROKE,MA,0,23104.0
2021-02-01,PITTSFIELD,MA,0,117601.0
2021-02-01,PLYMOUTH,MA,0,45719.0
2021-02-01,POCASSET,MA,0,11637.0
2021-02-01,QUINCY,MA,0,509152.0
2021-02-01,REVERE,MA,0,159898.0
2021-02-01,ROCKLAND,MA,0,20068.0
2021-02-01,ROXBURY CROSSING,MA,0,24811.0
2021-02-01,SALEM,MA,0,29637.0
2021-02-01,SAUGUS,MA,0,29662.0
2021-02-01,SCITUATE,MA,0,22241.0
2021-02-01,SHIRLEY,MA,0,7.0
2021-02-01,SHREWSBURY,MA,0,39788.0
2021-02-01,SOMERVILLE,MA,0,433263.74
2021-02-01,SPRINGFIELD,MA,0,1735932.33
2021-02-01,STOUGHTON,MA,0,15451.0
2021-02-01,TAUNTON,MA,0,314919.0
2021-02-01,TEWKSBURY,MA,0,14724.0
2021-02-01,WAKEFIELD,MA,0,25002.0
2021-02-01,WALTHAM,MA,0,889236.59
2021-02-01,WATERTOWN,MA,0,36176.0
2021-02-01,WAYLAND,MA,0,72823.0
2021-02-01,WEBSTER,MA,0,31128.0
2021-02-01,WELLESLEY HILLS,MA,0,62798.09
2021-02-01,WESTFIELD,MA,0,100.0
2021-02-01,WEYMOUTH,MA,0,56614.0
2021-02-01,WINCHENDON,MA,0,73779.0
2021-02-01,WOBURN,MA,0,47088.3
2021-02-01,WOODS HOLE,MA,0,8554.81
2021-02-01,WORCESTER,MA,0,10602766.58
2021-03-01,AMHERST,MA,0,334653.27
2021-03-01,ANDOVER,MA,0,3000.0
2021-03-01,BEDFORD,MA,0,492481.0
2021-03-01,BELMONT,MA,0,33.16
2021-03-01,BOSTON,MA,0,76153680.84
2021-03-01,BROCKTON,MA,0,99070.35
2021-03-01,CAMBRIDGE,MA,0,1850243.55
2021-03-01,CHARLESTOWN,MA,0,36740.92
2021-03-01,CHELSEA,MA,0,108781.0
2021-03-01,CHESTNUT HILL,MA,0,150181.94
2021-03-01,DORCHESTER,MA,0,34587.89
2021-03-01,FALL RIVER,MA,0,45471.0
2021-03-01,FALMOUTH,MA,0,4129.19
2021-03-01,FITCHBURG,MA,0,68347.0
2021-03-01,FRAMINGHAM,MA,0,462365.17
2021-03-01,HADLEY,MA,0,6505.0
2021-03-01,HANSCOM AFB,MA,0,1963518.9300000002
2021-03-01,HOLYOKE,MA,0,6489.0
2021-03-01,LOWELL,MA,0,99749.0
2021-03-01,MALDEN,MA,0,14114983.63
2021-03-01,MASHPEE,MA,0,246.0
2021-03-01,METHUEN,MA,0,1865.0
2021-03-01,NEEDHAM HEIGHTS,MA,0,295.85
2021-03-01,NEW BEDFORD,MA,0,7581.0
2021-03-01,NORTH DARTMOUTH,MA,0,48361.06
2021-03-01,NORTHAMPTON,MA,0,797739.0
2021-03-01,QUINCY,MA,0,14704.0
2021-03-01,ROCKLAND,MA,0,159647.0
2021-03-01,SOMERVILLE,MA,0,481728.3
2021-03-01,STURBRIDGE,MA,0,1221.01
2021-03-01,WALTHAM,MA,0,43086.66
2021-03-01,WATERTOWN,MA,0,123630.67
2021-03-01,WELLESLEY HILLS,MA,0,880995.0
2021-03-01,WEST SPRINGFIELD,MA,0,446036.41
2021-03-01,WOODS HOLE,MA,0,26093.0
2021-03-01,WORCESTER,MA,0,453725.03
2021-03-01,nan,MA,0,6881.0
2021-04-01,AMHERST,MA,0,32502.73
2021-04-01,AUBURNDALE,MA,0,4010.27
2021-04-01,BELMONT,MA,0,24025.08
2021-04-01,BEVERLY,MA,0,492842.0
2021-04-01,BOSTON,MA,0,30231919.82
2021-04-01,CAMBRIDGE,MA,0,909900.72
2021-04-01,CHESTNUT HILL,MA,0,669.0
2021-04-01,CONCORD,MA,0,2014011.0
2021-04-01,DEERFIELD,MA,0,2407.0
2021-04-01,DORCHESTER,MA,0,954472.9700000001
2021-04-01,EAST BOSTON,MA,0,129551.95
2021-04-01,FRAMINGHAM,MA,0,242949.97999999998
2021-04-01,HADLEY,MA,0,6500000.0
2021-04-01,HANSCOM AFB,MA,0,276483.32
2021-04-01,HOLYOKE,MA,0,14192.54
2021-04-01,LOWELL,MA,0,603185.16
2021-04-01,MALDEN,MA,0,275344.82
2021-04-01,MEDFORD,MA,0,106842.0
2021-04-01,NANTUCKET,MA,0,417.42
2021-04-01,NATICK,MA,0,0.22
2021-04-01,NEWTON CENTER,MA,0,16438.0
2021-04-01,PITTSFIELD,MA,0,103756.89
2021-04-01,PLYMOUTH,MA,0,3187.57
2021-04-01,SOMERSET,MA,0,121088.9
2021-04-01,SOMERVILLE,MA,0,56809.43
2021-04-01,SOUTH BOSTON,MA,0,18558.77
2021-04-01,SOUTH HADLEY,MA,0,5957.02
2021-04-01,WALPOLE,MA,0,1053.24
2021-04-01,WALTHAM,MA,0,56890.229999999996
2021-04-01,WATERTOWN,MA,0,2381.0
2021-04-01,WESTBOROUGH,MA,0,2974.02
2021-04-01,WILMINGTON,MA,0,11475.0
2021-04-01,WOBURN,MA,0,9626.0
2021-04-01,WOODS HOLE,MA,0,6222.38
2021-04-01,WORCESTER,MA,0,837530.52
2021-05-01,AMHERST,MA,0,638394.07
2021-05-01,BERNARDSTON,MA,0,10367.0
2021-05-01,BOSTON,MA,0,367753233.74
2021-05-01,BRIGHTON,MA,0,9575.32
2021-05-01,CAMBRIDGE,MA,0,2500988.02
2021-05-01,CHESTNUT HILL,MA,0,451.72
2021-05-01,DORCHESTER CENTER,MA,0,1.43
2021-05-01,FRAMINGHAM,MA,0,35695.0
2021-05-01,GLOUCESTER,MA,0,30336.5
2021-05-01,HADLEY,MA,0,36906.96
2021-05-01,HANSCOM AFB,MA,0,177488.33
2021-05-01,LOWELL,MA,0,8616.57
2021-05-01,NEWTON,MA,0,131244.0
2021-05-01,PEPPERELL,MA,0,41695.0
2021-05-01,PITTSFIELD,MA,0,864.0
2021-05-01,ROXBURY CROSSING,MA,0,2598.0
2021-05-01,SOMERVILLE,MA,0,332565.2
2021-05-01,SPRINGFIELD,MA,0,46721.0
2021-05-01,WAKEFIELD,MA,0,3933.27
2021-05-01,WALTHAM,MA,0,54620.490000000005
2021-05-01,WINCHESTER,MA,0,0.02
2021-05-01,WOBURN,MA,0,482.0
2021-05-01,WOODS HOLE,MA,0,9944.21
2021-05-01,WORCESTER,MA,0,528522.25
2021-05-01,nan,MA,0,948.42
2021-06-01,AMHERST,MA,0,34782.119999999995
2021-06-01,BEDFORD,MA,0,852440.0
2021-06-01,BELMONT,MA,0,130151.17
2021-06-01,BEVERLY,MA,0,1579485.0
2021-06-01,BOSTON,MA,0,53601650.980000004
2021-06-01,CAMBRIDGE,MA,0,2167360.41
2021-06-01,CHESTNUT HILL,MA,0,1406.48
2021-06-01,DORCHESTER,MA,0,99.27000000000001
2021-06-01,EVERETT,MA,0,232401.68
2021-06-01,FRAMINGHAM,MA,0,5006.0
2021-06-01,GREENFIELD,MA,0,31915.320000000003
2021-06-01,HADLEY,MA,0,453.16
2021-06-01,HANSCOM AFB,MA,0,85450.52
2021-06-01,HAVERHILL,MA,0,7839.19
2021-06-01,HOLYOKE,MA,0,173640.0
2021-06-01,LEXINGTON,MA,0,27442.0
2021-06-01,LOWELL,MA,0,1587348.44
2021-06-01,MALDEN,MA,0,11940.28
2021-06-01,MASHPEE,MA,0,149.0
2021-06-01,MIDDLEBORO,MA,0,8898.0
2021-06-01,NEEDHAM HEIGHTS,MA,0,45286.85
2021-06-01,NORTHBOROUGH,MA,0,0.01
2021-06-01,QUINCY,MA,0,55031.0
2021-06-01,SALEM,MA,0,58632.76
2021-06-01,SOMERVILLE,MA,0,3586.97
2021-06-01,TAUNTON,MA,0,27357.0
2021-06-01,WAKEFIELD,MA,0,9269.0
2021-06-01,WALTHAM,MA,0,93097.55
2021-06-01,WATERTOWN,MA,0,54418.42
2021-06-01,WELLESLEY HILLS,MA,0,185416.0
2021-06-01,WOODS HOLE,MA,0,8847.36
2021-06-01,WORCESTER,MA,0,284970.44
2021-06-01,YARMOUTH PORT,MA,0,1513.94
2021-07-01,AMHERST,MA,0,716407.19
2021-07-01,BOSTON,MA,0,23442735.08
2021-07-01,CAMBRIDGE,MA,0,349951.87
2021-07-01,DORCHESTER,MA,0,9068.12
2021-07-01,FITCHBURG,MA,0,44512.0
2021-07-01,FRAMINGHAM,MA,0,21777.86
2021-07-01,GREENFIELD,MA,0,1904894.01
2021-07-01,LOWELL,MA,0,1072116.43
2021-07-01,NEW BEDFORD,MA,0,45188.61
2021-07-01,NEWTON CENTER,MA,0,0.01
2021-07-01,NORTHAMPTON,MA,0,15.0
2021-07-01,ROCKPORT,MA,0,20826.44
2021-07-01,SOMERVILLE,MA,0,51006.54
2021-07-01,SPRINGFIELD,MA,0,3732632.4599999995
2021-07-01,WALPOLE,MA,0,163190.37
2021-07-01,WALTHAM,MA,0,4194.93
2021-07-01,WELLESLEY HILLS,MA,0,61219.36
2021-07-01,WOBURN,MA,0,197732.0
2021-07-01,WOODS HOLE,MA,0,635316.89
2021-07-01,WORCESTER,MA,0,502002.63999999996
2021-08-01,AMHERST,MA,0,147707.69
2021-08-01,BEVERLY,MA,0,19094.0
2021-08-01,BOSTON,MA,0,352660597.43
2021-08-01,CAMBRIDGE,MA,0,3342085.83
2021-08-01,CHARLESTOWN,MA,0,4439.3
2021-08-01,CHESTNUT HILL,MA,0,4639.3
2021-08-01,DORCHESTER,MA,0,148678.54
2021-08-01,FALL RIVER,MA,0,52837.0
2021-08-01,FRAMINGHAM,MA,0,156959.74
2021-08-01,GILL,MA,0,374857.94
2021-08-01,GLOUCESTER,MA,0,71652.0
2021-08-01,HADLEY,MA,0,1982266.53
2021-08-01,HANSCOM AFB,MA,0,634262.72
2021-08-01,HYANNIS,MA,0,54969.0
2021-08-01,LAWRENCE,MA,0,58383.0
2021-08-01,LENOX,MA,0,1181.0
2021-08-01,LOWELL,MA,0,410229.0
2021-08-01,LYNN,MA,0,512992.44
2021-08-01,MANSFIELD,MA,0,180.0
2021-08-01,MEDFORD,MA,0,50000.0
2021-08-01,NEW BEDFORD,MA,0,917040.61
2021-08-01,NORTHAMPTON,MA,0,32173.86
2021-08-01,ORLEANS,MA,0,7496.0
2021-08-01,PITTSFIELD,MA,0,0.15
2021-08-01,QUINCY,MA,0,26276.0
2021-08-01,ROSLINDALE,MA,0,35475.5
2021-08-01,SOMERVILLE,MA,0,35978.0
2021-08-01,SPRINGFIELD,MA,0,44103.66
2021-08-01,TAUNTON,MA,0,8552.0
2021-08-01,WARREN,MA,0,3250.0
2021-08-01,WELLESLEY HILLS,MA,0,0.03
2021-08-01,WEST SPRINGFIELD,MA,0,446036.41
2021-08-01,WESTFIELD,MA,0,21613.0
2021-08-01,WESTON,MA,0,17129.19
2021-08-01,WHITINSVILLE,MA,0,12764.0
2021-08-01,WOODS HOLE,MA,0,28.13
2021-08-01,WORCESTER,MA,0,1118180.02
2021-09-01,AMHERST,MA,0,1623946.0799999998
2021-09-01,AYER,MA,0,1362.8
2021-09-01,BELMONT,MA,0,25445.260000000002
2021-09-01,BOSTON,MA,0,68587179.95
2021-09-01,BROCKTON,MA,0,1.0
2021-09-01,BURLINGTON,MA,0,271085.11
2021-09-01,CAMBRIDGE,MA,0,3396204.31
2021-09-01,CHATHAM,MA,0,11398.0
2021-09-01,CHESTNUT HILL,MA,0,30635.63
2021-09-01,CHICOPEE,MA,0,60484.0
2021-09-01,CHILMARK,MA,0,12922.5
2021-09-01,CONCORD,MA,0,250000.0
2021-09-01,DORCHESTER,MA,0,285110.17
2021-09-01,FALL RIVER,MA,0,89.5
2021-09-01,FALMOUTH,MA,0,2250.0
2021-09-01,FITCHBURG,MA,0,129413.0
2021-09-01,FRAMINGHAM,MA,0,258194.0
2021-09-01,GARDNER,MA,0,33996.0
2021-09-01,GREENFIELD,MA,0,1000000.0
2021-09-01,HANSCOM AFB,MA,0,752072.5
2021-09-01,HAVERHILL,MA,0,20537.0
2021-09-01,LOWELL,MA,0,107917.0
2021-09-01,MALDEN,MA,0,179222.52000000002
2021-09-01,MASHPEE,MA,0,593.96
2021-09-01,MAYNARD,MA,0,0.64
2021-09-01,MIDDLEBORO,MA,0,14460.0
2021-09-01,NORTH DARTMOUTH,MA,0,228778.0
2021-09-01,PLYMOUTH,MA,0,20825.36
2021-09-01,READING,MA,0,136145.53
2021-09-01,ROSLINDALE,MA,0,277325.14
2021-09-01,ROXBURY,MA,0,1039291.02
2021-09-01,SALEM,MA,0,77737.0
2021-09-01,SOMERVILLE,MA,0,836165.0
2021-09-01,SOUTHAMPTON,MA,0,7061.0
2021-09-01,SPRINGFIELD,MA,0,11902.83
2021-09-01,TYNGSBORO,MA,0,326.0
2021-09-01,WAKEFIELD,MA,0,850.0
2021-09-01,WARREN,MA,0,5550.0
2021-09-01,WATERTOWN,MA,0,2204.0
2021-09-01,WELLESLEY HILLS,MA,0,362.79
2021-09-01,WESTBOROUGH,MA,0,26809.67
2021-09-01,WOODS HOLE,MA,0,6.46
2021-09-01,WORCESTER,MA,0,424141.02999999997
2021-10-01,AMHERST,MA,0,160732.1
2021-10-01,AUBURNDALE,MA,0,0.48
2021-10-01,BARNSTABLE,MA,0,2.3
2021-10-01,BEDFORD,MA,0,4.0
2021-10-01,BELMONT,MA,0,9292.740000000002
2021-10-01,BOSTON,MA,0,42768876.78
2021-10-01,BROCKTON,MA,0,11732.28
2021-10-01,CAMBRIDGE,MA,0,1716680.33
2021-10-01,CHARLESTOWN,MA,0,3412.0
2021-10-01,CHESTNUT HILL,MA,0,0.52
2021-10-01,DORCHESTER,MA,0,10823.09
2021-10-01,FALMOUTH,MA,0,5586.97
2021-10-01,FRAMINGHAM,MA,0,15863028.19
2021-10-01,HAVERHILL,MA,0,35215.87
2021-10-01,HOLLAND,MA,0,2200.0
2021-10-01,HUBBARDSTON,MA,0,1969.8
2021-10-01,MALDEN,MA,0,6904.7
2021-10-01,MASHPEE,MA,0,168.07
2021-10-01,MEDFORD,MA,0,79568.0
2021-10-01,MIDDLETON,MA,0,59270.35
2021-10-01,NEW BEDFORD,MA,0,78132.71
2021-10-01,NORTHAMPTON,MA,0,16880.95
2021-10-01,OXFORD,MA,0,86.34
2021-10-01,SHELBURNE FALLS,MA,0,17587.75
2021-10-01,SOMERVILLE,MA,0,234.72
2021-10-01,SUDBURY,MA,0,42764.369999999995
2021-10-01,WALTHAM,MA,0,9023.09
2021-10-01,WELLESLEY HILLS,MA,0,75393.33
2021-10-01,WEST HARWICH,MA,0,36.0
2021-10-01,WOODS HOLE,MA,0,101.61
2021-10-01,WORCESTER,MA,0,284485.21
2021-11-01,AMHERST,MA,0,4328737.26
2021-11-01,ANDOVER,MA,0,13214.95
2021-11-01,BELMONT,MA,0,7887935.15
2021-11-01,BOSTON,MA,0,122152495.22
2021-11-01,BRIGHTON,MA,0,3802.0
2021-11-01,CAMBRIDGE,MA,0,1289890.8599999999
2021-11-01,CANTON,MA,0,10755.6
2021-11-01,CHESTNUT HILL,MA,0,24046.93
2021-11-01,FRAMINGHAM,MA,0,176859.2
2021-11-01,HADLEY,MA,0,21730.12
2021-11-01,HANSCOM AFB,MA,0,150000.0
2021-11-01,HYANNIS,MA,0,43371.84
2021-11-01,LEXINGTON,MA,0,30000.0
2021-11-01,LOWELL,MA,0,125433.0
2021-11-01,MALDEN,MA,0,131772.24
2021-11-01,PITTSFIELD,MA,0,2925.77
2021-11-01,ROSLINDALE,MA,0,3600.0
2021-11-01,SOMERVILLE,MA,0,27000.0
2021-11-01,WALTHAM,MA,0,305747.16
2021-11-01,WATERTOWN,MA,0,75523.74
2021-11-01,WELLESLEY HILLS,MA,0,537733.75
2021-11-01,WOODS HOLE,MA,0,44829.86
2021-11-01,WORCESTER,MA,0,110405.54000000001
2021-12-01,AMHERST,MA,0,102182.8
2021-12-01,ANDOVER,MA,0,5733.82
2021-12-01,BELMONT,MA,0,340196.0
2021-12-01,BOSTON,MA,0,72743357.98
2021-12-01,CAMBRIDGE,MA,0,1167602.82
2021-12-01,CHATHAM,MA,0,46488.170000000006
2021-12-01,CHESTNUT HILL,MA,0,159258.64
2021-12-01,DORCHESTER,MA,0,5.19
2021-12-01,EAST BOSTON,MA,0,130422.91
2021-12-01,EDGARTOWN,MA,0,4200.64
2021-12-01,FRAMINGHAM,MA,0,1070847.0
2021-12-01,HANSCOM AFB,MA,0,201046.72
2021-12-01,MALDEN,MA,0,1319738.99
2021-12-01,MARSHFIELD,MA,0,2073.0
2021-12-01,NANTUCKET,MA,0,2256.36
2021-12-01,NEW BEDFORD,MA,0,201310.28000000003
2021-12-01,NEWTON,MA,0,4460.0
2021-12-01,NORTH DARTMOUTH,MA,0,365526.0
2021-12-01,NORTHAMPTON,MA,0,1934.08
2021-12-01,PITTSFIELD,MA,0,150.8
2021-12-01,PLYMOUTH,MA,0,46488.97
2021-12-01,PROVINCETOWN,MA,0,42793.27
2021-12-01,SOMERVILLE,MA,0,85829.0
2021-12-01,SPRINGFIELD,MA,0,74032.73
2021-12-01,TAUNTON,MA,0,150680.16
2021-12-01,WALTHAM,MA,0,303745.5
2021-12-01,WELLESLEY HILLS,MA,0,52619.33
2021-12-01,WESTFIELD,MA,0,802970.05
2021-12-01,WOBURN,MA,0,636482.0
2021-12-01,WOODS HOLE,MA,0,9427.59
2021-12-01,WORCESTER,MA,0,665332.11
2022-01-01,AMHERST,MA,0,6681607.17
2022-01-01,ANDOVER,MA,0,193.74
2022-01-01,BELMONT,MA,0,7761338.140000001
2022-01-01,BOSTON,MA,0,30038744.28
2022-01-01,BROCKTON,MA,0,1097.0
2022-01-01,CAMBRIDGE,MA,0,1406882.42
2022-01-01,CANTON,MA,0,4869.01
2022-01-01,CHARLESTOWN,MA,0,88727.42
2022-01-01,CHESTNUT HILL,MA,0,23286.030000000002
2022-01-01,DORCHESTER,MA,0,288586.1
2022-01-01,EASTHAM,MA,0,25961.0
2022-01-01,FITCHBURG,MA,0,306.18
2022-01-01,FRAMINGHAM,MA,0,506262.0
2022-01-01,GREENFIELD,MA,0,30611.0
2022-01-01,HADLEY,MA,0,328.76
2022-01-01,HANSCOM AFB,MA,0,1070898.17
2022-01-01,JAMAICA PLAIN,MA,0,207085.77
2022-01-01,LOWELL,MA,0,40498.4
2022-01-01,MALDEN,MA,0,1680989.85
2022-01-01,MANSFIELD,MA,0,7751.61
2022-01-01,MARLBOROUGH,MA,0,2578.04
2022-01-01,NORTH DARTMOUTH,MA,0,11755.71
2022-01-01,OXFORD,MA,0,31218.0
2022-01-01,PEABODY,MA,0,1297.8
2022-01-01,RUTLAND,MA,0,9588.0
2022-01-01,SCITUATE,MA,0,50043.35
2022-01-01,SOMERVILLE,MA,0,40615.0
2022-01-01,SPRINGFIELD,MA,0,424321.0
2022-01-01,STOUGHTON,MA,0,106026.0
2022-01-01,STURBRIDGE,MA,0,353018.0
2022-01-01,WALTHAM,MA,0,282204.94
2022-01-01,WARE,MA,0,10022.53
2022-01-01,WATERTOWN,MA,0,3913.0
2022-01-01,WEST DENNIS,MA,0,292086.0
2022-01-01,WESTFIELD,MA,0,2404.8
2022-01-01,WHITINSVILLE,MA,0,181243.0
2022-01-01,WILBRAHAM,MA,0,934.45
2022-01-01,WINCHENDON,MA,0,1.0
2022-01-01,WOODS HOLE,MA,0,2718.93
2022-01-01,WORCESTER,MA,0,25047.0
2022-01-01,nan,MA,0,45582.74
2022-02-01,AMHERST,MA,0,31378.0
2022-02-01,BELMONT,MA,0,3028.48
2022-02-01,BEVERLY,MA,0,2047963.0
2022-02-01,BOSTON,MA,0,1113780388.42
2022-02-01,BUZZARDS BAY,MA,0,2032.0
2022-02-01,CAMBRIDGE,MA,0,885108.51
2022-02-01,CHESTNUT HILL,MA,0,14332.24
2022-02-01,DORCHESTER,MA,0,172088.52
2022-02-01,FRAMINGHAM,MA,0,59607.0
2022-02-01,GARDNER,MA,0,142.25
2022-02-01,GLOUCESTER,MA,0,429599.0
2022-02-01,HADLEY,MA,0,15619.620000000003
2022-02-01,HANSCOM AFB,MA,0,16700.0
2022-02-01,LOWELL,MA,0,118452.85
2022-02-01,MIDDLEBORO,MA,0,3548.0
2022-02-01,NEEDHAM HEIGHTS,MA,0,59948.0
2022-02-01,NEW BEDFORD,MA,0,6000.0
2022-02-01,NORTH ADAMS,MA,0,81.0
2022-02-01,ROXBURY,MA,0,181903.9
2022-02-01,ROXBURY CROSSING,MA,0,117831.28
2022-02-01,SOMERVILLE,MA,0,3.8
2022-02-01,SPRINGFIELD,MA,0,14487.34
2022-02-01,WALTHAM,MA,0,57001.88
2022-02-01,WEST ROXBURY,MA,0,137.12
2022-02-01,WILLIAMSTOWN,MA,0,0.18
2022-02-01,WOODS HOLE,MA,0,255867.48
2022-02-01,WORCESTER,MA,0,204984.88
2022-03-01,AMHERST,MA,0,404818.83
2022-03-01,BEDFORD,MA,0,49.02
2022-03-01,BEVERLY,MA,0,291777.9
2022-03-01,BOSTON,MA,0,49026204.97
2022-03-01,BROCKTON,MA,0,339253.26
2022-03-01,BROOKLINE,MA,0,71.98
2022-03-01,BURLINGTON,MA,0,18.78
2022-03-01,CAMBRIDGE,MA,0,382789.47000000003
2022-03-01,DORCHESTER,MA,0,391198.77
2022-03-01,FITCHBURG,MA,0,11335.0
2022-03-01,FOXBORO,MA,0,5604.4
2022-03-01,FRAMINGHAM,MA,0,749996.88
2022-03-01,GARDNER,MA,0,78283.76
2022-03-01,HADLEY,MA,0,1033.61
2022-03-01,HOPKINTON,MA,0,14222.64
2022-03-01,JAMAICA PLAIN,MA,0,203766.43
2022-03-01,LOWELL,MA,0,301236.57999999996
2022-03-01,MALDEN,MA,0,89373903.03
2022-03-01,MASHPEE,MA,0,16804.88
2022-03-01,NATICK,MA,0,49725.56
2022-03-01,NEWTON CENTER,MA,0,22276.0
2022-03-01,PITTSFIELD,MA,0,750000.0
2022-03-01,REVERE,MA,0,30400.73
2022-03-01,RUTLAND,MA,0,2867.0
2022-03-01,SOMERVILLE,MA,0,315.51
2022-03-01,SPRINGFIELD,MA,0,194408.43
2022-03-01,WALTHAM,MA,0,452023.07
2022-03-01,WEST SPRINGFIELD,MA,0,5100.7
2022-03-01,WESTFIELD,MA,0,12900.99
2022-03-01,WESTFORD,MA,0,19554.94
2022-03-01,WOBURN,MA,0,26753.34
2022-03-01,WOODS HOLE,MA,0,1064805.5
2022-03-01,WORCESTER,MA,0,992651.46
2022-04-01,AMHERST,MA,0,536960.6
2022-04-01,ANDOVER,MA,0,1907.14
2022-04-01,BELMONT,MA,0,174641.69
2022-04-01,BOSTON,MA,0,25286890.63
2022-04-01,CAMBRIDGE,MA,0,3488868.72
2022-04-01,CHESTNUT HILL,MA,0,284989.22
2022-04-01,FALMOUTH,MA,0,363.0
2022-04-01,FRAMINGHAM,MA,0,190714.13
2022-04-01,GREENFIELD,MA,0,109646.41
2022-04-01,HYANNIS,MA,0,799.58
2022-04-01,LANCASTER,MA,0,999784.0
2022-04-01,LINCOLN,MA,0,0.05
2022-04-01,LOWELL,MA,0,174223.0
2022-04-01,MALDEN,MA,0,7234.71
2022-04-01,NEEDHAM HEIGHTS,MA,0,2695.47
2022-04-01,NEW BEDFORD,MA,0,1.04
2022-04-01,NORTH ANDOVER,MA,0,1820.08
2022-04-01,NORTHAMPTON,MA,0,455488.0
2022-04-01,PITTSFIELD,MA,0,11593.86
2022-04-01,QUINCY,MA,0,7098.0
2022-04-01,SHREWSBURY,MA,0,4646.0
2022-04-01,SOMERVILLE,MA,0,17271.14
2022-04-01,SOUTHBRIDGE,MA,0,1100.0
2022-04-01,TAUNTON,MA,0,246.0
2022-04-01,TURNERS FALLS,MA,0,728.62
2022-04-01,WALTHAM,MA,0,30801.489999999998
2022-04-01,WATERTOWN,MA,0,831581.79
2022-04-01,WEST HARWICH,MA,0,1378.0
2022-04-01,WEST NEWTON,MA,0,2906.39
2022-04-01,WESTFIELD,MA,0,56618.07
2022-04-01,WOODS HOLE,MA,0,6455.99
2022-04-01,WORCESTER,MA,0,357515.46
2022-05-01,AMHERST,MA,0,232885.43000000002
2022-05-01,ANDOVER,MA,0,911.99
2022-05-01,BELMONT,MA,0,333883.85000000003
2022-05-01,BEVERLY,MA,0,354.45
2022-05-01,BOSTON,MA,0,24856260.14
2022-05-01,BROCKTON,MA,0,537390.6
2022-05-01,CAMBRIDGE,MA,0,380225.05
2022-05-01,CANTON,MA,0,350.1
2022-05-01,CHARLESTOWN,MA,0,1726625.9000000001
2022-05-01,CHESTNUT HILL,MA,0,1168.09
2022-05-01,FALL RIVER,MA,0,155145.99
2022-05-01,FRAMINGHAM,MA,0,282267.27999999997
2022-05-01,FRANKLIN,MA,0,30810.0
2022-05-01,GLOUCESTER,MA,0,4513.0
2022-05-01,GREENFIELD,MA,0,27232.55
2022-05-01,HARWICH PORT,MA,0,646651.54
2022-05-01,HAVERHILL,MA,0,250000.0
2022-05-01,HOLYOKE,MA,0,20.88
2022-05-01,JAMAICA PLAIN,MA,0,450000.0
2022-05-01,LAWRENCE,MA,0,6027.0
2022-05-01,LOWELL,MA,0,70878.11
2022-05-01,LYNN,MA,0,214224.1
2022-05-01,MASHPEE,MA,0,292143.46
2022-05-01,MATTAPAN,MA,0,84698.03
2022-05-01,METHUEN,MA,0,36149.38
2022-05-01,NEEDHAM,MA,0,4575.0
2022-05-01,PITTSFIELD,MA,0,320000.0
2022-05-01,ROXBURY CROSSING,MA,0,3819450.0
2022-05-01,SOMERVILLE,MA,0,53159.74
2022-05-01,TYNGSBORO,MA,0,395615.0
2022-05-01,WALTHAM,MA,0,48922.43
2022-05-01,WAYLAND,MA,0,43511.76
2022-05-01,WOODS HOLE,MA,0,222.89999999999998
2022-05-01,WORCESTER,MA,0,226558.59
2022-06-01,AMHERST,MA,0,285117.01
2022-06-01,AUBURNDALE,MA,0,530903.76
2022-06-01,BELMONT,MA,0,3153.7100000000005
2022-06-01,BOSTON,MA,0,343764018.3
2022-06-01,BRIGHTON,MA,0,109427.44
2022-06-01,BROOKLINE,MA,0,195990.55
2022-06-01,CAMBRIDGE,MA,0,1467036.0899999999
2022-06-01,CANTON,MA,0,27220.19
2022-06-01,CHARLESTOWN,MA,0,2947.06
2022-06-01,CHESTNUT HILL,MA,0,4141.88
2022-06-01,DORCHESTER,MA,0,701495.3500000001
2022-06-01,EAST BOSTON,MA,0,398846.61
2022-06-01,EDGARTOWN,MA,0,34494.09
2022-06-01,FALL RIVER,MA,0,0.27
2022-06-01,FITCHBURG,MA,0,391770.89
2022-06-01,FLORENCE,MA,0,24534.25
2022-06-01,FRAMINGHAM,MA,0,224989.62
2022-06-01,GREENFIELD,MA,0,63340.0
2022-06-01,HADLEY,MA,0,7103.24
2022-06-01,HANOVER,MA,0,20021.44
2022-06-01,HAVERHILL,MA,0,290730.0
2022-06-01,JAMAICA PLAIN,MA,0,108710.1
2022-06-01,LOWELL,MA,0,215087.13
2022-06-01,MALDEN,MA,0,268377.56
2022-06-01,MELROSE,MA,0,113982.41
2022-06-01,NANTUCKET,MA,0,1422.0
2022-06-01,NEW BEDFORD,MA,0,94423.99
2022-06-01,NORTH ANDOVER,MA,0,238.34
2022-06-01,NORTHAMPTON,MA,0,1972.1
2022-06-01,PLYMOUTH,MA,0,34111.0
2022-06-01,SAGAMORE BEACH,MA,0,7838.0
2022-06-01,SALEM,MA,0,51670.0
2022-06-01,SOMERVILLE,MA,0,35960.49
2022-06-01,SOUTH EASTON,MA,0,37563.25
2022-06-01,SPENCER,MA,0,27060.66
2022-06-01,SPRINGFIELD,MA,0,1.77
2022-06-01,WALTHAM,MA,0,427120.33999999997
2022-06-01,WATERTOWN,MA,0,5738.46
2022-06-01,WEST TISBURY,MA,0,11763.0
2022-06-01,WOODS HOLE,MA,0,152.12
2022-06-01,WORCESTER,MA,0,386496.95
2022-07-01,AMHERST,MA,0,11.0
2022-07-01,BELMONT,MA,0,8.28
2022-07-01,BOSTON,MA,0,25991311.66
2022-07-01,BRIGHTON,MA,0,315756.0
2022-07-01,CAMBRIDGE,MA,0,1231087.6099999999
2022-07-01,CANTON,MA,0,9186.57
2022-07-01,CHARLESTOWN,MA,0,1080668.31
2022-07-01,CHESTNUT HILL,MA,0,259.34
2022-07-01,CONCORD,MA,0,2571.02
2022-07-01,DORCHESTER,MA,0,134.43
2022-07-01,FALL RIVER,MA,0,212622.22
2022-07-01,FRAMINGHAM,MA,0,68920.09
2022-07-01,GLOUCESTER,MA,0,139804.0
2022-07-01,HADLEY,MA,0,320000.0
2022-07-01,HANSCOM AFB,MA,0,110000.0
2022-07-01,HAVERHILL,MA,0,1287320.5
2022-07-01,HOLYOKE,MA,0,95444.88
2022-07-01,LOWELL,MA,0,147842.92
2022-07-01,MALDEN,MA,0,30474.23
2022-07-01,MASHPEE,MA,0,78893.05
2022-07-01,NATICK,MA,0,140.44
2022-07-01,NORTHAMPTON,MA,0,20280.0
2022-07-01,PLYMOUTH,MA,0,205.0
2022-07-01,ROXBURY,MA,0,143972.0
2022-07-01,SOMERVILLE,MA,0,422103.15
2022-07-01,SPRINGFIELD,MA,0,96568.94
2022-07-01,WALTHAM,MA,0,42879.0
2022-07-01,WELLESLEY HILLS,MA,0,39223.53
2022-07-01,WOODS HOLE,MA,0,828515.84
2022-07-01,WORCESTER,MA,0,429456.28
2022-08-01,AMHERST,MA,0,299518.95
2022-08-01,ANDOVER,MA,0,18.35
2022-08-01,BEDFORD,MA,0,45683.86
2022-08-01,BELMONT,MA,0,789.44
2022-08-01,BEVERLY,MA,0,1373.64
2022-08-01,BOSTON,MA,0,41716168.72
2022-08-01,BUZZARDS BAY,MA,0,272396.34
2022-08-01,CAMBRIDGE,MA,0,1400204.8900000001
2022-08-01,CANTON,MA,0,477.28999999999996
2022-08-01,CHARLESTOWN,MA,0,159524.05
2022-08-01,CHESTNUT HILL,MA,0,398207.5
2022-08-01,CHILMARK,MA,0,134939.0
2022-08-01,DORCHESTER,MA,0,446069.34
2022-08-01,FALL RIVER,MA,0,419323.29000000004
2022-08-01,FALMOUTH,MA,0,1014.31
2022-08-01,FITCHBURG,MA,0,5417.55
2022-08-01,FRAMINGHAM,MA,0,1288865.95
2022-08-01,GARDNER,MA,0,702.29
2022-08-01,GLOUCESTER,MA,0,76642.0
2022-08-01,GREENFIELD,MA,0,79547.83
2022-08-01,HADLEY,MA,0,73.51
2022-08-01,HANSCOM AFB,MA,0,5000.0
2022-08-01,HAVERHILL,MA,0,391545.92
2022-08-01,HYANNIS,MA,0,18016.0
2022-08-01,LAWRENCE,MA,0,246765.0
2022-08-01,LEXINGTON,MA,0,29411.0
2022-08-01,LOWELL,MA,0,75757.28
2022-08-01,LYNN,MA,0,75292.0
2022-08-01,MALDEN,MA,0,82374.29000000001
2022-08-01,MASHPEE,MA,0,122541.38
2022-08-01,MEDWAY,MA,0,189172.89
2022-08-01,NATICK,MA,0,50000.0
2022-08-01,NEEDHAM HEIGHTS,MA,0,132130.91
2022-08-01,NEW BEDFORD,MA,0,497221.0
2022-08-01,NEWTON CENTER,MA,0,92558.79
2022-08-01,NEWTON HIGHLANDS,MA,0,100204.0
2022-08-01,NORTHAMPTON,MA,0,5903.0
2022-08-01,NORWOOD,MA,0,27682.99
2022-08-01,ORLEANS,MA,0,12673.0
2022-08-01,PITTSFIELD,MA,0,16715.0
2022-08-01,QUINCY,MA,0,62004.92
2022-08-01,SALEM,MA,0,135488.54
2022-08-01,SHEFFIELD,MA,0,5264.51
2022-08-01,SOMERVILLE,MA,0,100814.95999999999
2022-08-01,SPRINGFIELD,MA,0,71084.84999999999
2022-08-01,STURBRIDGE,MA,0,3.28
2022-08-01,TAUNTON,MA,0,7974.0
2022-08-01,WALTHAM,MA,0,9226.99
2022-08-01,WAREHAM,MA,0,12813.18
2022-08-01,WATERTOWN,MA,0,433702.91000000003
2022-08-01,WEST BARNSTABLE,MA,0,6179.0
2022-08-01,WESTFIELD,MA,0,48667.95
2022-08-01,WILBRAHAM,MA,0,500.47
2022-08-01,WOODS HOLE,MA,0,3106.71
2022-08-01,WORCESTER,MA,0,3622117.64
2022-08-01,nan,MA,0,221376.26
2022-09-01,AMHERST,MA,0,436302.78
2022-09-01,AUBURN,MA,0,777.0
2022-09-01,AYER,MA,0,7197.68
2022-09-01,BELMONT,MA,0,11356.1
2022-09-01,BEVERLY,MA,0,2281.0
2022-09-01,BOSTON,MA,0,510538798.27
2022-09-01,BROCKTON,MA,0,27811.0
2022-09-01,BROOKLINE,MA,0,8461.0
2022-09-01,CAMBRIDGE,MA,0,8566220.46
2022-09-01,CANTON,MA,0,842.2
2022-09-01,CHARLESTOWN,MA,0,37644.29
2022-09-01,CHELSEA,MA,0,2187743.64
2022-09-01,CHESTNUT HILL,MA,0,0.02
2022-09-01,CHICOPEE,MA,0,10694.0
2022-09-01,CHILMARK,MA,0,4860.93
2022-09-01,CLINTON,MA,0,1163.0
2022-09-01,CONCORD,MA,0,260.0
2022-09-01,DANVERS,MA,0,547.0
2022-09-01,DEDHAM,MA,0,420.0
2022-09-01,DORCHESTER,MA,0,32220.079999999998
2022-09-01,DRACUT,MA,0,435.0
2022-09-01,EAST WEYMOUTH,MA,0,0.33
2022-09-01,FALL RIVER,MA,0,86812.0
2022-09-01,FALMOUTH,MA,0,1071.0
2022-09-01,FITCHBURG,MA,0,621.0
2022-09-01,FRAMINGHAM,MA,0,41775.020000000004
2022-09-01,GLOUCESTER,MA,0,1535.0
2022-09-01,GREENFIELD,MA,0,22292.16
2022-09-01,GROVELAND,MA,0,346.0
2022-09-01,HADLEY,MA,0,171132.8
2022-09-01,HANSCOM AFB,MA,0,218100.0
2022-09-01,HANSON,MA,0,213.0
2022-09-01,HAVERHILL,MA,0,447759.0
2022-09-01,HOLYOKE,MA,0,53809.41
2022-09-01,HUDSON,MA,0,926.0
2022-09-01,HYANNIS,MA,0,66711.09
2022-09-01,JAMAICA PLAIN,MA,0,410417.51
2022-09-01,LAWRENCE,MA,0,19780.0
2022-09-01,LEXINGTON,MA,0,805.0
2022-09-01,LOWELL,MA,0,489158.0
2022-09-01,LYNN,MA,0,10860.0
2022-09-01,MALDEN,MA,0,21080.0
2022-09-01,MASHPEE,MA,0,9075.17
2022-09-01,MAYNARD,MA,0,646.0
2022-09-01,MEDFORD,MA,0,639642.77
2022-09-01,MEDWAY,MA,0,962.0
2022-09-01,METHUEN,MA,0,262.0
2022-09-01,MILFORD,MA,0,637.0
2022-09-01,NEEDHAM HEIGHTS,MA,0,1994.0
2022-09-01,NEW BEDFORD,MA,0,56022.0
2022-09-01,NEWBURYPORT,MA,0,523.0
2022-09-01,NEWTON HIGHLANDS,MA,0,4997.0
2022-09-01,NORTH ADAMS,MA,0,3582.0
2022-09-01,NORTH ANDOVER,MA,0,816.0
2022-09-01,NORTH DARTMOUTH,MA,0,74312.85
2022-09-01,NORTHAMPTON,MA,0,1649.0
2022-09-01,NORWOOD,MA,0,724.0
2022-09-01,PEMBROKE,MA,0,412.0
2022-09-01,PITTSFIELD,MA,0,7347.2
2022-09-01,PLYMOUTH,MA,0,843.0
2022-09-01,POCASSET,MA,0,208.0
2022-09-01,QUINCY,MA,0,18210.03
2022-09-01,REVERE,MA,0,3222.0
2022-09-01,ROCKLAND,MA,0,345.0
2022-09-01,SALEM,MA,0,534.0
2022-09-01,SAUGUS,MA,0,570.0
2022-09-01,SCITUATE,MA,0,293.0
2022-09-01,SHREWSBURY,MA,0,804.0
2022-09-01,SOMERVILLE,MA,0,364368.43
2022-09-01,SOUTH GRAFTON,MA,0,47.0
2022-09-01,SOUTH HADLEY,MA,0,43465.0
2022-09-01,SPRINGFIELD,MA,0,37015.21
2022-09-01,STOUGHTON,MA,0,229.0
2022-09-01,SWANSEA,MA,0,1.0
2022-09-01,TAUNTON,MA,0,5931.0
2022-09-01,TEWKSBURY,MA,0,273.0
2022-09-01,WAKEFIELD,MA,0,511.0
2022-09-01,WALTHAM,MA,0,6163.62
2022-09-01,WATERTOWN,MA,0,12886.410000000002
2022-09-01,WAYLAND,MA,0,1408.0
2022-09-01,WEBSTER,MA,0,586.0
2022-09-01,WEST BARNSTABLE,MA,0,12033.51
2022-09-01,WESTFIELD,MA,0,123273.57
2022-09-01,WEYMOUTH,MA,0,1158.0
2022-09-01,WHITINSVILLE,MA,0,12764.0
2022-09-01,WINCHENDON,MA,0,1464.0
2022-09-01,WOBURN,MA,0,17682.0
2022-09-01,WOODS HOLE,MA,0,54852.75
2022-09-01,WORCESTER,MA,0,587066.9400000001
2022-09-01,nan,MA,0,50000.0
2022-10-01,AMHERST,MA,0,48820.96
2022-10-01,AUBURN,MA,0,13.0
2022-10-01,BEVERLY,MA,0,36.0
2022-10-01,BILLERICA,MA,0,4.66
2022-10-01,BOSTON,MA,0,44763986.82
2022-10-01,BROCKTON,MA,0,458.0
2022-10-01,CAMBRIDGE,MA,0,1241651.9
2022-10-01,CHARLESTOWN,MA,0,24111.63
2022-10-01,CHELSEA,MA,0,112.0
2022-10-01,CONCORD,MA,0,2.0
2022-10-01,DORCHESTER,MA,0,271232.24
2022-10-01,EAST LONGMEADOW,MA,0,5000.0
2022-10-01,FALL RIVER,MA,0,33575.0
2022-10-01,FALMOUTH,MA,0,20.0
2022-10-01,FITCHBURG,MA,0,55570.649999999994
2022-10-01,FRAMINGHAM,MA,0,168132.12
2022-10-01,GARDNER,MA,0,21416.69
2022-10-01,GREENFIELD,MA,0,34355.95
2022-10-01,HANSCOM AFB,MA,0,986100.0
2022-10-01,HANSON,MA,0,2.0
2022-10-01,HAVERHILL,MA,0,156186.0
2022-10-01,HOLLISTON,MA,0,340068.87
2022-10-01,HOLYOKE,MA,0,257.0
2022-10-01,HYANNIS,MA,0,9.0
2022-10-01,JAMAICA PLAIN,MA,0,57500.0
2022-10-01,LAWRENCE,MA,0,283912.0
2022-10-01,LONGMEADOW,MA,0,5000.0
2022-10-01,LOWELL,MA,0,161268.18
2022-10-01,MAYNARD,MA,0,12.0
2022-10-01,MEDWAY,MA,0,127280.5
2022-10-01,NATICK,MA,0,10315.5
2022-10-01,NEEDHAM HEIGHTS,MA,0,202363.55
2022-10-01,NEW BEDFORD,MA,0,607779.95
2022-10-01,NORTH ADAMS,MA,0,68.0
2022-10-01,NORTH DARTMOUTH,MA,0,4471.98
2022-10-01,NORTHAMPTON,MA,0,129574.0
2022-10-01,OAK BLUFFS,MA,0,27899.91
2022-10-01,PEMBROKE,MA,0,7.0
2022-10-01,PITTSFIELD,MA,0,74821.35
2022-10-01,ROCKLAND,MA,0,6.0
2022-10-01,ROCKPORT,MA,0,45350.24
2022-10-01,ROXBURY CROSSING,MA,0,14917.66
2022-10-01,SALEM,MA,0,9.0
2022-10-01,SAUGUS,MA,0,9.0
2022-10-01,SCITUATE,MA,0,6.0
2022-10-01,SHREWSBURY,MA,0,14.0
2022-10-01,SOMERVILLE,MA,0,167.3
2022-10-01,SPRINGFIELD,MA,0,321958.42
2022-10-01,SWANSEA,MA,0,1.0
2022-10-01,TURNERS FALLS,MA,0,10892.37
2022-10-01,WALTHAM,MA,0,43808.33
2022-10-01,WATERTOWN,MA,0,13.06
2022-10-01,WAYLAND,MA,0,23.0
2022-10-01,WEBSTER,MA,0,10.0
2022-10-01,WEYMOUTH,MA,0,19.0
2022-10-01,WILLIAMSTOWN,MA,0,1208529.0
2022-10-01,WINCHENDON,MA,0,26.0
2022-10-01,WOBURN,MA,0,142410.24
2022-10-01,WOODS HOLE,MA,0,106134.86
2022-10-01,WORCESTER,MA,0,787267.4099999999
2022-10-01,nan,MA,0,6000.0
2022-11-01,AMHERST,MA,0,8891.91
2022-11-01,ANDOVER,MA,0,2598.18
2022-11-01,AUBURNDALE,MA,0,11790.32
2022-11-01,BARNSTABLE,MA,0,23344.839999999997
2022-11-01,BELMONT,MA,0,62963.840000000004
2022-11-01,BOSTON,MA,0,77200083.92999999
2022-11-01,BROCKTON,MA,0,123819.82
2022-11-01,BURLINGTON,MA,0,3660987.96
2022-11-01,BUZZARDS BAY,MA,0,6916.0
2022-11-01,CAMBRIDGE,MA,0,1627259.08
2022-11-01,CHARLESTOWN,MA,0,12974.68
2022-11-01,CHESTERFIELD,MA,0,46573.0
2022-11-01,CHESTNUT HILL,MA,0,19718.87
2022-11-01,CHILMARK,MA,0,60265.97
2022-11-01,CONCORD,MA,0,10.0
2022-11-01,DORCHESTER,MA,0,40026.55
2022-11-01,FALL RIVER,MA,0,622559.78
2022-11-01,FITCHBURG,MA,0,79788.74
2022-11-01,FRAMINGHAM,MA,0,601680.61
2022-11-01,GLOUCESTER,MA,0,3826.0
2022-11-01,GREENFIELD,MA,0,319651.69
2022-11-01,HAVERHILL,MA,0,437543.31
2022-11-01,HYANNIS,MA,0,160978.91
2022-11-01,JAMAICA PLAIN,MA,0,10000.0
2022-11-01,LAWRENCE,MA,0,873.24
2022-11-01,LEXINGTON,MA,0,106500.0
2022-11-01,LOWELL,MA,0,208475.36
2022-11-01,LYNN,MA,0,778130.01
2022-11-01,MASHPEE,MA,0,135364.74
2022-11-01,NEW BEDFORD,MA,0,214879.46000000002
2022-11-01,OAK BLUFFS,MA,0,103094.0
2022-11-01,QUINCY,MA,0,537938.59
2022-11-01,SANDWICH,MA,0,179146.8
2022-11-01,SOMERVILLE,MA,0,411004.23000000004
2022-11-01,SPRINGFIELD,MA,0,1220045.84
2022-11-01,TAUNTON,MA,0,40.0
2022-11-01,WALTHAM,MA,0,84251.41
2022-11-01,WATERTOWN,MA,0,182557.82
2022-11-01,WESTBOROUGH,MA,0,608.96
2022-11-01,WESTFORD,MA,0,16377.69
2022-11-01,WOODS HOLE,MA,0,25344.43
2022-11-01,WORCESTER,MA,0,2221509.25
2022-12-01,AMHERST,MA,0,74449.63
2022-12-01,BEVERLY,MA,0,16539.08
2022-12-01,BOSTON,MA,0,240747965.3
2022-12-01,CAMBRIDGE,MA,0,2268876.05
2022-12-01,CHESTNUT HILL,MA,0,109813.0
2022-12-01,COHASSET,MA,0,25557.0
2022-12-01,DORCHESTER,MA,0,206.32
2022-12-01,EAST BOSTON,MA,0,80925.95999999999
2022-12-01,FRAMINGHAM,MA,0,280269.3
2022-12-01,GARDNER,MA,0,18350.82
2022-12-01,GREENFIELD,MA,0,3587.62
2022-12-01,HADLEY,MA,0,1913174.66
2022-12-01,HYANNIS,MA,0,5240.0
2022-12-01,LOWELL,MA,0,354970.0
2022-12-01,MASHPEE,MA,0,11092.9
2022-12-01,NANTUCKET,MA,0,29695.0
2022-12-01,NEW BEDFORD,MA,0,328155.49
2022-12-01,NORTH ADAMS,MA,0,3695.63
2022-12-01,NORTH ANDOVER,MA,0,576.93
2022-12-01,RUTLAND,MA,0,4778.0
2022-12-01,SALEM,MA,0,93221.81
2022-12-01,SOMERVILLE,MA,0,1478650.21
2022-12-01,STONEHAM,MA,0,1552.62
2022-12-01,WALTHAM,MA,0,177376.43
2022-12-01,WATERTOWN,MA,0,76303.12999999999
2022-12-01,WHITINSVILLE,MA,0,20000.0
2022-12-01,WILLIAMSTOWN,MA,0,377334.0
2022-12-01,WOODS HOLE,MA,0,635917.55
2022-12-01,WORCESTER,MA,0,207713.96
2023-01-01,AMHERST,MA,0,0.01
2023-01-01,BEDFORD,MA,0,104855.79
2023-01-01,BILLERICA,MA,0,162.23
2023-01-01,BOSTON,MA,0,57361850.22
2023-01-01,BRIGHTON,MA,0,0.33
2023-01-01,CAMBRIDGE,MA,0,3584922.81
2023-01-01,CANTON,MA,0,15974.1
2023-01-01,CHESTNUT HILL,MA,0,23736.42
2023-01-01,DORCHESTER,MA,0,48211.52
2023-01-01,FITCHBURG,MA,0,2202.34
2023-01-01,FRAMINGHAM,MA,0,27100.63
2023-01-01,GARDNER,MA,0,18555.06
2023-01-01,HANSCOM AFB,MA,0,300000.0
2023-01-01,HAVERHILL,MA,0,597012.0
2023-01-01,JAMAICA PLAIN,MA,0,471623.0
2023-01-01,LOWELL,MA,0,7683.33
2023-01-01,MALDEN,MA,0,1119625.73
2023-01-01,MATTAPAN,MA,0,125968.0
2023-01-01,NORTH DARTMOUTH,MA,0,303.69
2023-01-01,PLYMOUTH,MA,0,0.05
2023-01-01,ROCKLAND,MA,0,1896.0
2023-01-01,ROXBURY,MA,0,236254.0
2023-01-01,SOMERVILLE,MA,0,50644.630000000005
2023-01-01,SPRINGFIELD,MA,0,1091155.36
2023-01-01,WALTHAM,MA,0,1275.0900000000001
2023-01-01,WATERTOWN,MA,0,71520.33
2023-01-01,WEBSTER,MA,0,0.6
2023-01-01,WELLESLEY HILLS,MA,0,15165.6
2023-01-01,WEST BARNSTABLE,MA,0,37151.62
2023-01-01,WOODS HOLE,MA,0,550365.0
2023-01-01,WORCESTER,MA,0,147298.23
2023-02-01,ALLSTON,MA,0,1.16
2023-02-01,AMHERST,MA,0,220327.95
2023-02-01,ANDOVER,MA,0,15308.15
2023-02-01,AUBURNDALE,MA,0,5904.21
2023-02-01,BEVERLY,MA,0,10575.07
2023-02-01,BOSTON,MA,0,740404461.4
2023-02-01,BRAINTREE,MA,0,7.91
2023-02-01,BREWSTER,MA,0,13144.5
2023-02-01,CAMBRIDGE,MA,0,857050.3200000001
2023-02-01,CHARLESTOWN,MA,0,6286.27
2023-02-01,CHELSEA,MA,0,6000.09
2023-02-01,CHESTNUT HILL,MA,0,7440.09
2023-02-01,DORCHESTER,MA,0,100000.0
2023-02-01,FITCHBURG,MA,0,2092.8199999999997
2023-02-01,FRAMINGHAM,MA,0,2642231.5999999996
2023-02-01,HANSCOM AFB,MA,0,256000.0
2023-02-01,HOLYOKE,MA,0,93069.92
2023-02-01,JAMAICA PLAIN,MA,0,33835.0
2023-02-01,LAWRENCE,MA,0,85624.0
2023-02-01,LOWELL,MA,0,449765.79000000004
2023-02-01,LYNN,MA,0,3135.25
2023-02-01,MALDEN,MA,0,113857.01
2023-02-01,NANTUCKET,MA,0,48703.34
2023-02-01,PITTSFIELD,MA,0,3133.08
2023-02-01,REVERE,MA,0,6459.09
2023-02-01,ROSLINDALE,MA,0,66793.3
2023-02-01,RUTLAND,MA,0,5098.0
2023-02-01,SOMERVILLE,MA,0,3912.7
2023-02-01,SOUTHBRIDGE,MA,0,372423.33
2023-02-01,SPRINGFIELD,MA,0,369229.61
2023-02-01,WALTHAM,MA,0,29839.32
2023-02-01,WATERTOWN,MA,0,3581.73
2023-02-01,WILBRAHAM,MA,0,10000.0
2023-02-01,WOODS HOLE,MA,0,94.21
2023-02-01,WORCESTER,MA,0,139957.22
2023-03-01,AMHERST,MA,0,253093.78
2023-03-01,AUBURNDALE,MA,0,21159.77
2023-03-01,BEVERLY,MA,0,76601.95
2023-03-01,BOSTON,MA,0,126833275.08999999
2023-03-01,BRAINTREE,MA,0,48385.94
2023-03-01,BRIGHTON,MA,0,4200.47
2023-03-01,CAMBRIDGE,MA,0,1996805.39
2023-03-01,CHESTNUT HILL,MA,0,290132.28
2023-03-01,COHASSET,MA,0,22415.74
2023-03-01,DORCHESTER,MA,0,47454.229999999996
2023-03-01,DORCHESTER CENTER,MA,0,18960.0
2023-03-01,DUDLEY,MA,0,558.35
2023-03-01,EAST BOSTON,MA,0,314155.28
2023-03-01,FALL RIVER,MA,0,357896.55000000005
2023-03-01,FRAMINGHAM,MA,0,180005.24
2023-03-01,GREENFIELD,MA,0,114610.0
2023-03-01,HADLEY,MA,0,12331.6
2023-03-01,HARWICH,MA,0,7326.0
2023-03-01,HOLDEN,MA,0,107660.17
2023-03-01,HYANNIS,MA,0,35.0
2023-03-01,LAWRENCE,MA,0,72941.49
2023-03-01,LEEDS,MA,0,340000.0
2023-03-01,LOWELL,MA,0,73546.39
2023-03-01,LYNN,MA,0,7332.58
2023-03-01,MALDEN,MA,0,22381.61
2023-03-01,MANSFIELD,MA,0,24164.26
2023-03-01,MARLBOROUGH,MA,0,255.69
2023-03-01,MASHPEE,MA,0,100857.0
2023-03-01,MEDFORD,MA,0,6153.0
2023-03-01,NEEDHAM,MA,0,461514.61
2023-03-01,NEW BEDFORD,MA,0,275974.0
2023-03-01,NORTH ANDOVER,MA,0,18010.0
2023-03-01,NORWOOD,MA,0,209.57
2023-03-01,ORANGE,MA,0,835.6
2023-03-01,PITTSFIELD,MA,0,375000.0
2023-03-01,PLYMOUTH,MA,0,255660.45
2023-03-01,READING,MA,0,23831.98
2023-03-01,REVERE,MA,0,77383.69
2023-03-01,ROSLINDALE,MA,0,16364.29
2023-03-01,ROXBURY CROSSING,MA,0,437.78
2023-03-01,SALEM,MA,0,2466.7
2023-03-01,SHERBORN,MA,0,7041.95
2023-03-01,SOMERSET,MA,0,41213.08
2023-03-01,SOMERVILLE,MA,0,8875.55
2023-03-01,SOUTH YARMOUTH,MA,0,134189.01
2023-03-01,SPRINGFIELD,MA,0,176985.40000000002
2023-03-01,STONEHAM,MA,0,99578.52
2023-03-01,SUDBURY,MA,0,33961.85
2023-03-01,WALTHAM,MA,0,31281.52
2023-03-01,WATERTOWN,MA,0,276517.07
2023-03-01,WELLESLEY HILLS,MA,0,13506.23
2023-03-01,WESTMINSTER,MA,0,518987.96
2023-03-01,WINCHESTER,MA,0,15553.5
2023-03-01,WOBURN,MA,0,10621.78
2023-03-01,WOODS HOLE,MA,0,181199.54
2023-03-01,WORCESTER,MA,0,3019459.99
2023-03-01,YARMOUTH PORT,MA,0,12174.11
2023-04-01,AMHERST,MA,0,124733.53
2023-04-01,ANDOVER,MA,0,3462.23
2023-04-01,ATTLEBORO,MA,0,74202.0
2023-04-01,BEDFORD,MA,0,49445.78
2023-04-01,BELMONT,MA,0,14.65
2023-04-01,BOSTON,MA,0,37024778.839999996
2023-04-01,BRIGHTON,MA,0,221715.05
2023-04-01,CAMBRIDGE,MA,0,792992.61
2023-04-01,CHARLESTOWN,MA,0,9798.18
2023-04-01,DORCHESTER CENTER,MA,0,53522.51
2023-04-01,FRAMINGHAM,MA,0,48174.44
2023-04-01,GARDNER,MA,0,3928.67
2023-04-01,HADLEY,MA,0,9312.18
2023-04-01,LOWELL,MA,0,3002.55
2023-04-01,MALDEN,MA,0,17031812.22
2023-04-01,NEWTON,MA,0,31800.13
2023-04-01,SOMERVILLE,MA,0,683.62
2023-04-01,TRURO,MA,0,0.01
2023-04-01,WALTHAM,MA,0,212347.94
2023-04-01,WATERTOWN,MA,0,43010.78
2023-04-01,WEST HARWICH,MA,0,7431.0
2023-04-01,WESTBOROUGH,MA,0,200.62
2023-04-01,WINCHESTER,MA,0,20261.04
2023-04-01,WOBURN,MA,0,107394.51
2023-04-01,WOODS HOLE,MA,0,864783.23
2023-04-01,WORCESTER,MA,0,156262.4
2023-04-01,nan,MA,0,60000.0
2023-05-01,ALLSTON,MA,0,758531.37
2023-05-01,AMHERST,MA,0,424353.43
2023-05-01,BELMONT,MA,0,244659.01
2023-05-01,BOSTON,MA,0,34098904.17
2023-05-01,BRAINTREE,MA,0,19512.59
2023-05-01,BRIGHTON,MA,0,1502729.33
2023-05-01,CAMBRIDGE,MA,0,2368070.12
2023-05-01,CONCORD,MA,0,201341.12
2023-05-01,FITCHBURG,MA,0,19376.04
2023-05-01,FRAMINGHAM,MA,0,4249447.74
2023-05-01,GARDNER,MA,0,48844.8
2023-05-01,GREENFIELD,MA,0,70065.92
2023-05-01,HADLEY,MA,0,133326.0
2023-05-01,HANSCOM AFB,MA,0,2690.0
2023-05-01,LOWELL,MA,0,400.25
2023-05-01,MANSFIELD,MA,0,291.18
2023-05-01,MARLBOROUGH,MA,0,451651259.0
2023-05-01,MASHPEE,MA,0,296615.76
2023-05-01,NORTH DARTMOUTH,MA,0,6757.02
2023-05-01,SHARON,MA,0,175.84
2023-05-01,SPRINGFIELD,MA,0,507419.76
2023-05-01,TAUNTON,MA,0,18524.0
2023-05-01,WAKEFIELD,MA,0,10623.1
2023-05-01,WALTHAM,MA,0,22679.78
2023-05-01,WATERTOWN,MA,0,2343715.0
2023-05-01,WINCHENDON,MA,0,550.0
2023-05-01,WOBURN,MA,0,89824.71
2023-05-01,WOODS HOLE,MA,0,669691.77
2023-05-01,WORCESTER,MA,0,43220.09
2023-05-01,YARMOUTH PORT,MA,0,21398.24
2023-05-01,nan,MA,0,305514.87
2023-06-01,AMESBURY,MA,0,10824.55
2023-06-01,AMHERST,MA,0,126.11
2023-06-01,ARLINGTON,MA,0,1500.0
2023-06-01,AUBURNDALE,MA,0,6715.95
2023-06-01,AYER,MA,0,25059.14
2023-06-01,BOSTON,MA,0,358945717.7
2023-06-01,BRAINTREE,MA,0,0.2
2023-06-01,CAMBRIDGE,MA,0,4098577.6
2023-06-01,CHARLESTOWN,MA,0,1565.21
2023-06-01,CHESTNUT HILL,MA,0,49633.42
2023-06-01,CONCORD,MA,0,70186.0
2023-06-01,DENNIS,MA,0,1493.36
2023-06-01,DORCHESTER,MA,0,0.01
2023-06-01,EAST BOSTON,MA,0,4749304.8
2023-06-01,EAST TAUNTON,MA,0,11062.33
2023-06-01,FITCHBURG,MA,0,73834.54
2023-06-01,FRAMINGHAM,MA,0,280839.47
2023-06-01,GLOUCESTER,MA,0,6140.96
2023-06-01,HARWICH PORT,MA,0,250000.0
2023-06-01,LOWELL,MA,0,8900.76
2023-06-01,MALDEN,MA,0,491606.92
2023-06-01,MARSHFIELD,MA,0,86042.73
2023-06-01,METHUEN,MA,0,2000000.0
2023-06-01,NEW BEDFORD,MA,0,3612883.12
2023-06-01,NEWTON CENTER,MA,0,1000.0
2023-06-01,NORTH ADAMS,MA,0,17054.62
2023-06-01,NORTH DARTMOUTH,MA,0,107.39
2023-06-01,NORTHAMPTON,MA,0,1638801.62
2023-06-01,PEABODY,MA,0,1274.84
2023-06-01,PLYMOUTH,MA,0,247.0
2023-06-01,QUINCY,MA,0,487322.78
2023-06-01,ROSLINDALE,MA,0,49972.99
2023-06-01,ROXBURY,MA,0,1000000.0
2023-06-01,SOMERVILLE,MA,0,65.53
2023-06-01,SPRINGFIELD,MA,0,377347.0
2023-06-01,STOW,MA,0,164.32
2023-06-01,WALTHAM,MA,0,54639.89
2023-06-01,WATERTOWN,MA,0,165390.32
2023-06-01,WILLIAMSTOWN,MA,0,47692.0
2023-06-01,WOODS HOLE,MA,0,45084.03
2023-06-01,WORCESTER,MA,0,5876.95
2023-07-01,AMHERST,MA,0,16617.08
2023-07-01,AUBURNDALE,MA,0,632514.68
2023-07-01,BEVERLY,MA,0,200.0
2023-07-01,BOSTON,MA,0,25559573.79
2023-07-01,CAMBRIDGE,MA,0,933265.68
2023-07-01,CANTON,MA,0,983887.41
2023-07-01,CHARLESTOWN,MA,0,444669.0
2023-07-01,CHESTNUT HILL,MA,0,854144.62
2023-07-01,CONCORD,MA,0,304258.0
2023-07-01,DANVERS,MA,0,1650.0
2023-07-01,DORCHESTER,MA,0,88949.37
2023-07-01,DORCHESTER CENTER,MA,0,487887.45
2023-07-01,FALL RIVER,MA,0,24252.4
2023-07-01,FRAMINGHAM,MA,0,1321.97
2023-07-01,HANSCOM AFB,MA,0,1065000.0
2023-07-01,HARWICH PORT,MA,0,1545000.0
2023-07-01,LOWELL,MA,0,29914.86
2023-07-01,MALDEN,MA,0,31677.07
2023-07-01,NEW BEDFORD,MA,0,22419.0
2023-07-01,NORTH DARTMOUTH,MA,0,61.9
2023-07-01,PLYMOUTH,MA,0,12360.9
2023-07-01,ROYALSTON,MA,0,5550.14
2023-07-01,SALEM,MA,0,1045.38
2023-07-01,SPRINGFIELD,MA,0,627538.35
2023-07-01,WALTHAM,MA,0,396804.55
2023-07-01,WATERTOWN,MA,0,12001.07
2023-07-01,WELLESLEY HILLS,MA,0,71209.0
2023-07-01,WEST TISBURY,MA,0,15000.01
2023-07-01,WOODS HOLE,MA,0,175516.54
2023-07-01,WORCESTER,MA,0,22738.02
2023-08-01,AMHERST,MA,0,827448.35
2023-08-01,ANDOVER,MA,0,2263.5
2023-08-01,BELMONT,MA,0,47646.9
2023-08-01,BOSTON,MA,0,19831958.03
2023-08-01,CAMBRIDGE,MA,0,3569583.99
2023-08-01,CANTON,MA,0,423.47
2023-08-01,CHESTNUT HILL,MA,0,113708.9
2023-08-01,DEDHAM,MA,0,28238.0
2023-08-01,DORCHESTER,MA,0,1603.43
2023-08-01,DUXBURY,MA,0,1.0
2023-08-01,FRAMINGHAM,MA,0,909183.09
2023-08-01,GLOUCESTER,MA,0,120358.0
2023-08-01,HADLEY,MA,0,162502.7
2023-08-01,HANSCOM AFB,MA,0,22000.0
2023-08-01,HOLYOKE,MA,0,7081.0
2023-08-01,HYANNIS,MA,0,51340.0
2023-08-01,LAWRENCE,MA,0,135177.0
2023-08-01,LYNN,MA,0,77859.0
2023-08-01,MALDEN,MA,0,1.1500000000000001
2023-08-01,MARSHFIELD,MA,0,1.0
2023-08-01,MASHPEE,MA,0,28.51
2023-08-01,MEDFORD,MA,0,118827.0
2023-08-01,NEWTON HIGHLANDS,MA,0,122831.0
2023-08-01,NORTHAMPTON,MA,0,94581.0
2023-08-01,ORLEANS,MA,0,15873.0
2023-08-01,PITTSFIELD,MA,0,72635.0
2023-08-01,QUINCY,MA,0,15098.0
2023-08-01,SOMERVILLE,MA,0,40145.44
2023-08-01,SOUTH DENNIS,MA,0,67.25
2023-08-01,SPRINGFIELD,MA,0,344984.38
2023-08-01,TAUNTON,MA,0,44947.0
2023-08-01,TURNERS FALLS,MA,0,4742.69
2023-08-01,WALTHAM,MA,0,1937211.11
2023-08-01,WATERTOWN,MA,0,460497.08
2023-08-01,WELLESLEY HILLS,MA,0,370980.4
2023-08-01,WEST YARMOUTH,MA,0,53246.0
2023-08-01,WESTFIELD,MA,0,40657.0
2023-08-01,WOODS HOLE,MA,0,9797.01
2023-08-01,WORCESTER,MA,0,200382.74000000002
2023-09-01,AMHERST,MA,0,114006.23
2023-09-01,ASHBURNHAM,MA,0,70208.0
2023-09-01,ATTLEBORO,MA,0,19549.65
2023-09-01,BEDFORD,MA,0,456.61
2023-09-01,BELMONT,MA,0,100116.87
2023-09-01,BEVERLY,MA,0,127097.72
2023-09-01,BOSTON,MA,0,186517547.86
2023-09-01,BROCKTON,MA,0,251542.0
2023-09-01,CAMBRIDGE,MA,0,2096252.15
2023-09-01,CHARLESTOWN,MA,0,24395.0
2023-09-01,CHELSEA,MA,0,400.0
2023-09-01,CHESTNUT HILL,MA,0,256832.0
2023-09-01,CONCORD,MA,0,82.0
2023-09-01,DANVERS,MA,0,466565.0
2023-09-01,DEVENS,MA,0,6308.45
2023-09-01,EAST BOSTON,MA,0,35.0
2023-09-01,FALMOUTH,MA,0,2543.0
2023-09-01,FITCHBURG,MA,0,14840.65
2023-09-01,FRAMINGHAM,MA,0,66674.33
2023-09-01,GLOUCESTER,MA,0,1300585.0
2023-09-01,HADLEY,MA,0,315.0
2023-09-01,JAMAICA PLAIN,MA,0,123011.3
2023-09-01,LAWRENCE,MA,0,342304.69
2023-09-01,LEXINGTON,MA,0,11249.65
2023-09-01,LOWELL,MA,0,8464.82
2023-09-01,LYNN,MA,0,28409.56
2023-09-01,MALDEN,MA,0,219506.41999999998
2023-09-01,MARLBOROUGH,MA,0,121426021.52
2023-09-01,MASHPEE,MA,0,12302.35
2023-09-01,NATICK,MA,0,3521.79
2023-09-01,NEW BEDFORD,MA,0,1950000.0
2023-09-01,NEWBURYPORT,MA,0,285518.22
2023-09-01,NEWTON,MA,0,10650.39
2023-09-01,NORTH DARTMOUTH,MA,0,1768581.0
2023-09-01,OXFORD,MA,0,2376.0
2023-09-01,PLYMOUTH,MA,0,782542.0
2023-09-01,PRINCETON,MA,0,111956.0
2023-09-01,QUINCY,MA,0,2007.0
2023-09-01,SOMERVILLE,MA,0,400000.0
2023-09-01,SPRINGFIELD,MA,0,270701.52
2023-09-01,STERLING,MA,0,30.85
2023-09-01,SUDBURY,MA,0,5.87
2023-09-01,TAUNTON,MA,0,11582.5
2023-09-01,WALTHAM,MA,0,9966.01
2023-09-01,WATERTOWN,MA,0,10721.36
2023-09-01,WESTBOROUGH,MA,0,136230.68
2023-09-01,WESTFORD,MA,0,28.0
2023-09-01,WOBURN,MA,0,1364384.0
2023-09-01,WOODS HOLE,MA,0,219875.91
2023-09-01,WORCESTER,MA,0,101260.31
2023-10-01,AMHERST,MA,0,27106.52
2023-10-01,BELMONT,MA,0,79387.76000000001
2023-10-01,BOSTON,MA,0,37596830.59
2023-10-01,CAMBRIDGE,MA,0,534088.78
2023-10-01,CHATHAM,MA,0,599.92
2023-10-01,CHESTNUT HILL,MA,0,43.61
2023-10-01,CHILMARK,MA,0,56397.0
2023-10-01,DORCHESTER,MA,0,0.02
2023-10-01,EAST WEYMOUTH,MA,0,115009.07
2023-10-01,FALL RIVER,MA,0,999917.39
2023-10-01,FRAMINGHAM,MA,0,3301765.57
2023-10-01,GLOUCESTER,MA,0,153225.0
2023-10-01,LAWRENCE,MA,0,32834.38
2023-10-01,LOWELL,MA,0,704322.48
2023-10-01,MALDEN,MA,0,0.36
2023-10-01,MASHPEE,MA,0,2585.0
2023-10-01,MEDFORD,MA,0,56318.5
2023-10-01,NEEDHAM HEIGHTS,MA,0,250000.0
2023-10-01,ROYALSTON,MA,0,136089.84
2023-10-01,SALEM,MA,0,5654.63
2023-10-01,SOMERVILLE,MA,0,27139.0
2023-10-01,WALTHAM,MA,0,186231.56
2023-10-01,WATERTOWN,MA,0,552683.6
2023-10-01,WELLESLEY HILLS,MA,0,6778.01
2023-10-01,WESTBOROUGH,MA,0,36038.95
2023-10-01,WESTFIELD,MA,0,936.17
2023-10-01,WESTON,MA,0,51480.6
2023-10-01,WOODS HOLE,MA,0,20349.2
2023-10-01,WORCESTER,MA,0,31810.97
2023-11-01,AMHERST,MA,0,78947.22
2023-11-01,ARLINGTON,MA,0,41240.0
2023-11-01,AUBURNDALE,MA,0,0.04
2023-11-01,BELMONT,MA,0,76.23
2023-11-01,BOSTON,MA,0,48694908.04
2023-11-01,BROCKTON,MA,0,94482.79999999999
2023-11-01,CAMBRIDGE,MA,0,5420018.340000001
2023-11-01,CHELSEA,MA,0,45894.69
2023-11-01,CHESTNUT HILL,MA,0,311.92
2023-11-01,DANVERS,MA,0,16296.24
2023-11-01,EAST BOSTON,MA,0,369061.55
2023-11-01,EAST SANDWICH,MA,0,0.88
2023-11-01,FRAMINGHAM,MA,0,488460.28
2023-11-01,HANSCOM AFB,MA,0,17161.16
2023-11-01,JAMAICA PLAIN,MA,0,98969.16
2023-11-01,LAWRENCE,MA,0,55236.0
2023-11-01,LOWELL,MA,0,862282.33
2023-11-01,LYNN,MA,0,42202.47
2023-11-01,MALDEN,MA,0,80265.65000000001
2023-11-01,MASHPEE,MA,0,24260.0
2023-11-01,NEW BEDFORD,MA,0,50000.0
2023-11-01,SOMERVILLE,MA,0,709.11
2023-11-01,SPRINGFIELD,MA,0,500000.0
2023-11-01,TURNERS FALLS,MA,0,169.19
2023-11-01,WALTHAM,MA,0,319533.73
2023-11-01,WATERTOWN,MA,0,1.0
2023-11-01,WEST HARWICH,MA,0,5313.0
2023-11-01,WINCHESTER,MA,0,54132.19
2023-11-01,WOODS HOLE,MA,0,176.3
2023-11-01,WORCESTER,MA,0,969381.03
2023-12-01,AMHERST,MA,0,33338.53
2023-12-01,AUBURNDALE,MA,0,23250.82
2023-12-01,BEVERLY,MA,0,213.25
2023-12-01,BOSTON,MA,0,370294344.81
2023-12-01,BRIGHTON,MA,0,5451.69
2023-12-01,CAMBRIDGE,MA,0,1203828.28
2023-12-01,CHESTNUT HILL,MA,0,63509.0
2023-12-01,DEDHAM,MA,0,210453.35
2023-12-01,EAST WEYMOUTH,MA,0,84579.5
2023-12-01,FRAMINGHAM,MA,0,760527.62
2023-12-01,GREAT BARRINGTON,MA,0,3092.0
2023-12-01,GREENFIELD,MA,0,9716.52
2023-12-01,HADLEY,MA,0,184.55
2023-12-01,HOPEDALE,MA,0,63384.55
2023-12-01,LOWELL,MA,0,970809.59
2023-12-01,MARLBOROUGH,MA,0,30225237.48
2023-12-01,MEDFORD,MA,0,7126.0
2023-12-01,NEEDHAM HEIGHTS,MA,0,0.54
2023-12-01,NEW BEDFORD,MA,0,112974.24
2023-12-01,QUINCY,MA,0,1734.0
2023-12-01,RUTLAND,MA,0,16635.0
2023-12-01,SOUTH HADLEY,MA,0,30106.96
2023-12-01,SPRINGFIELD,MA,0,1283135.71
2023-12-01,WALTHAM,MA,0,4891.26
2023-12-01,WATERTOWN,MA,0,40868.0
2023-12-01,WAYLAND,MA,0,43.64
2023-12-01,WESTWOOD,MA,0,13.31
2023-12-01,WOBURN,MA,0,34358.69
2023-12-01,WOODS HOLE,MA,0,294359.0
2023-12-01,WORCESTER,MA,0,639473.8200000001
2024-01-01,AMHERST,MA,0,899724.3
2024-01-01,BELMONT,MA,0,371974.52999999997
2024-01-01,BOSTON,MA,0,17040640.65
2024-01-01,CAMBRIDGE,MA,0,1221300.6500000001
2024-01-01,CANTON,MA,0,53740.87
2024-01-01,CHELSEA,MA,0,53.69
2024-01-01,CHESTNUT HILL,MA,0,88079.79999999999
2024-01-01,DEERFIELD,MA,0,14601.0
2024-01-01,EAST BOSTON,MA,0,1241984.94
2024-01-01,EDGARTOWN,MA,0,56533.0
2024-01-01,FRAMINGHAM,MA,0,62135.22
2024-01-01,GREENFIELD,MA,0,1700.8
2024-01-01,HADLEY,MA,0,6761.01
2024-01-01,HYANNIS,MA,0,20960.04
2024-01-01,LAWRENCE,MA,0,1463801.64
2024-01-01,LEEDS,MA,0,300000.0
2024-01-01,LOWELL,MA,0,676868.0
2024-01-01,MARBLEHEAD,MA,0,47122.29
2024-01-01,MARLBOROUGH,MA,0,3.75
2024-01-01,MILFORD,MA,0,270.0
2024-01-01,NATICK,MA,0,500.37
2024-01-01,NORTH ANDOVER,MA,0,8567.28
2024-01-01,NORTH DARTMOUTH,MA,0,52884.58
2024-01-01,NORTHAMPTON,MA,0,70565.17
2024-01-01,ORANGE,MA,0,7598.11
2024-01-01,PLYMOUTH,MA,0,431.0
2024-01-01,QUINCY,MA,0,2725.97
2024-01-01,SHREWSBURY,MA,0,6443.02
2024-01-01,SOMERVILLE,MA,0,2453.9
2024-01-01,SOUTH HADLEY,MA,0,9.4
2024-01-01,WALTHAM,MA,0,383269.55
2024-01-01,WESTBOROUGH,MA,0,6834.23
2024-01-01,WILLIAMSTOWN,MA,0,3360.92
2024-01-01,WOBURN,MA,0,5478.77
2024-01-01,WOODS HOLE,MA,0,33.35
2024-01-01,WORCESTER,MA,0,245693.67
2024-02-01,AMHERST,MA,0,235412.6
2024-02-01,ANDOVER,MA,0,2469.97
2024-02-01,BELMONT,MA,0,251424.19
2024-02-01,BILLERICA,MA,0,16653.02
2024-02-01,BOSTON,MA,0,54497045.03
2024-02-01,BROCKTON,MA,0,3860.48
2024-02-01,CAMBRIDGE,MA,0,507963.75
2024-02-01,CANTON,MA,0,1536.56
2024-02-01,CHESTNUT HILL,MA,0,38050.22
2024-02-01,CHILMARK,MA,0,27628.0
2024-02-01,DORCHESTER,MA,0,50466.63
2024-02-01,EAST WEYMOUTH,MA,0,81.0
2024-02-01,EVERETT,MA,0,450501.76
2024-02-01,FAIRHAVEN,MA,0,245.79
2024-02-01,FRAMINGHAM,MA,0,93664.81
2024-02-01,GLOUCESTER,MA,0,25000.0
2024-02-01,HANSCOM AFB,MA,0,169267.74
2024-02-01,HAVERHILL,MA,0,573665.6799999999
2024-02-01,HYANNIS,MA,0,696.45
2024-02-01,LAWRENCE,MA,0,359038.0
2024-02-01,LEXINGTON,MA,0,1.0
2024-02-01,LOWELL,MA,0,194827.74
2024-02-01,NANTUCKET,MA,0,15000.0
2024-02-01,NEEDHAM,MA,0,395000.0
2024-02-01,NEW BEDFORD,MA,0,24340.77
2024-02-01,NEWTON,MA,0,35.0
2024-02-01,NORTH ATTLEBORO,MA,0,27.27
2024-02-01,NORTH DARTMOUTH,MA,0,301.17
2024-02-01,NORTHAMPTON,MA,0,1540.13
2024-02-01,OAK BLUFFS,MA,0,61784.0
2024-02-01,PITTSFIELD,MA,0,108163.0
2024-02-01,QUINCY,MA,0,81579.76
2024-02-01,ROXBURY CROSSING,MA,0,1.5
2024-02-01,SANDWICH,MA,0,8608.28
2024-02-01,SOMERVILLE,MA,0,227.82
2024-02-01,SOUTH HADLEY,MA,0,372.47
2024-02-01,SPRINGFIELD,MA,0,50338.26
2024-02-01,STURBRIDGE,MA,0,76.94
2024-02-01,SUDBURY,MA,0,4.42
2024-02-01,WALTHAM,MA,0,8870.36
2024-02-01,WATERTOWN,MA,0,1012590.62
2024-02-01,WELLESLEY HILLS,MA,0,70.43
2024-02-01,WESTBOROUGH,MA,0,16875.0
2024-02-01,WILMINGTON,MA,0,117.68
2024-02-01,WOODS HOLE,MA,0,304149.76
2024-02-01,WORCESTER,MA,0,1209925.66
2024-03-01,ALLSTON,MA,0,5083.59
2024-03-01,AMHERST,MA,0,68176.36
2024-03-01,ANDOVER,MA,0,401.75
2024-03-01,BELMONT,MA,0,0.9
2024-03-01,BOSTON,MA,0,1276992371.62
2024-03-01,BRIDGEWATER,MA,0,5523.62
2024-03-01,BRIGHTON,MA,0,1419.83
2024-03-01,BROCKTON,MA,0,301030.24
2024-03-01,CAMBRIDGE,MA,0,2075784.25
2024-03-01,CHARLESTOWN,MA,0,87423.43
2024-03-01,CHESTNUT HILL,MA,0,55215.44
2024-03-01,DEDHAM,MA,0,75565.0
2024-03-01,DORCHESTER,MA,0,618928.0
2024-03-01,EAST FALMOUTH,MA,0,307.36
2024-03-01,EVERETT,MA,0,72279.0
2024-03-01,FRAMINGHAM,MA,0,1306182.66
2024-03-01,GLOUCESTER,MA,0,69.75
2024-03-01,GREENFIELD,MA,0,2265.62
2024-03-01,HADLEY,MA,0,163851.04
2024-03-01,HANSCOM AFB,MA,0,11015.82
2024-03-01,HAVERHILL,MA,0,1100000.0
2024-03-01,HINGHAM,MA,0,28411.57
2024-03-01,JAMAICA PLAIN,MA,0,35000.0
2024-03-01,LAWRENCE,MA,0,12.0
2024-03-01,LEXINGTON,MA,0,1196.1799999999998
2024-03-01,LOWELL,MA,0,961415.77
2024-03-01,MALDEN,MA,0,573780.12
2024-03-01,NEEDHAM HEIGHTS,MA,0,240201.43
2024-03-01,NEW BEDFORD,MA,0,4972.01
2024-03-01,NEWTON CENTER,MA,0,21648.8
2024-03-01,PLYMOUTH,MA,0,1133.61
2024-03-01,QUINCY,MA,0,615.34
2024-03-01,SANDWICH,MA,0,171442.48
2024-03-01,SOMERVILLE,MA,0,89903.67
2024-03-01,SOUTH HADLEY,MA,0,173.13
2024-03-01,STOUGHTON,MA,0,737.62
2024-03-01,TAUNTON,MA,0,12339.0
2024-03-01,WALTHAM,MA,0,23715.030000000002
2024-03-01,WELLESLEY HILLS,MA,0,129875.0
2024-03-01,WESTBOROUGH,MA,0,4716.54
2024-03-01,WOODS HOLE,MA,0,7946.63
2024-03-01,WORCESTER,MA,0,182972.41
2024-04-01,AMHERST,MA,0,75966.56
2024-04-01,ANDOVER,MA,0,21270.46
2024-04-01,BELMONT,MA,0,32248.19
2024-04-01,BEVERLY,MA,0,237321.29
2024-04-01,BOSTON,MA,0,60220843.51
2024-04-01,BRAINTREE,MA,0,279056.37
2024-04-01,BROCKTON,MA,0,81495.0
2024-04-01,CAMBRIDGE,MA,0,1188441.76
2024-04-01,CHARLESTOWN,MA,0,0.05
2024-04-01,CHELSEA,MA,0,5479.02
2024-04-01,CHESTNUT HILL,MA,0,137011.73
2024-04-01,DANVERS,MA,0,431785.0
2024-04-01,DORCHESTER,MA,0,10146.82
2024-04-01,EVERETT,MA,0,619355.76
2024-04-01,FAIRHAVEN,MA,0,2391.53
2024-04-01,FRAMINGHAM,MA,0,122673.7
2024-04-01,GARDNER,MA,0,684382.22
2024-04-01,GREENFIELD,MA,0,71411.57
2024-04-01,HADLEY,MA,0,58818.15
2024-04-01,HANSCOM AFB,MA,0,270250.73
2024-04-01,HARWICH PORT,MA,0,302.4
2024-04-01,MARSHFIELD,MA,0,1.0
2024-04-01,MASHPEE,MA,0,6410.0
2024-04-01,METHUEN,MA,0,520429.57
2024-04-01,NEW BEDFORD,MA,0,10804.16
2024-04-01,NEWTON,MA,0,200.0
2024-04-01,NEWTON CENTER,MA,0,35340.01
2024-04-01,NORTH DARTMOUTH,MA,0,148156.0
2024-04-01,QUINCY,MA,0,53331.42
2024-04-01,RUTLAND,MA,0,2670.0
2024-04-01,SALEM,MA,0,10977.41
2024-04-01,SANDWICH,MA,0,8830.23
2024-04-01,SOUTH GRAFTON,MA,0,9846.24
2024-04-01,SPRINGFIELD,MA,0,70685.0
2024-04-01,STOW,MA,0,30.72
2024-04-01,WALTHAM,MA,0,92942.20999999999
2024-04-01,WATERTOWN,MA,0,4244.13
2024-04-01,WOODS HOLE,MA,0,116704.89
2024-04-01,WORCESTER,MA,0,429918.07
2024-05-01,AMHERST,MA,0,1196991.3399999999
2024-05-01,ANDOVER,MA,0,4051.5
2024-05-01,BEVERLY,MA,0,97411.03
2024-05-01,BOSTON,MA,0,309817667.57
2024-05-01,BOXBOROUGH,MA,0,191.46
2024-05-01,BRAINTREE,MA,0,1.0
2024-05-01,BROCKTON,MA,0,2433.04
2024-05-01,CAMBRIDGE,MA,0,1574821.23
2024-05-01,CANTON,MA,0,2995.63
2024-05-01,CHESTNUT HILL,MA,0,5902.3099999999995
2024-05-01,COHASSET,MA,0,1.0
2024-05-01,CONCORD,MA,0,83.6
2024-05-01,DORCHESTER,MA,0,3140.41
2024-05-01,EAST BOSTON,MA,0,601120.0
2024-05-01,EVERETT,MA,0,86984935.12
2024-05-01,FRAMINGHAM,MA,0,93477.45
2024-05-01,GREENFIELD,MA,0,3302.76
2024-05-01,GROVELAND,MA,0,75.48
2024-05-01,HANSCOM AFB,MA,0,215199.09999999998
2024-05-01,HAVERHILL,MA,0,1157016.9
2024-05-01,LOWELL,MA,0,220201.91
2024-05-01,NATICK,MA,0,0.01
2024-05-01,NEW BEDFORD,MA,0,90.0
2024-05-01,NORTH DARTMOUTH,MA,0,36429.57
2024-05-01,NORTHAMPTON,MA,0,3539.45
2024-05-01,POCASSET,MA,0,8.35
2024-05-01,ROXBURY,MA,0,160816.0
2024-05-01,SOMERVILLE,MA,0,17012.82
2024-05-01,SPRINGFIELD,MA,0,821752.8200000001
2024-05-01,WALTHAM,MA,0,233990.99
2024-05-01,WATERTOWN,MA,0,109973.63
2024-05-01,WORCESTER,MA,0,272558.81
2024-06-01,AMHERST,MA,0,29634.469999999998
2024-06-01,BELMONT,MA,0,31310.63
2024-06-01,BOSTON,MA,0,20760655.740000002
2024-06-01,BRAINTREE,MA,0,15590.42
2024-06-01,BROCKTON,MA,0,716.0
2024-06-01,BURLINGTON,MA,0,142234.0
2024-06-01,CAMBRIDGE,MA,0,1291777.95
2024-06-01,CHARLESTOWN,MA,0,661764.0
2024-06-01,CHESTNUT HILL,MA,0,194035.29
2024-06-01,DORCHESTER,MA,0,624795.0
2024-06-01,EAST BOSTON,MA,0,24900.0
2024-06-01,EAST LONGMEADOW,MA,0,95.27
2024-06-01,EVERETT,MA,0,20103.48
2024-06-01,FRAMINGHAM,MA,0,389489.31
2024-06-01,HANSCOM AFB,MA,0,350067.48000000004
2024-06-01,HINGHAM,MA,0,1.0
2024-06-01,HOLDEN,MA,0,1316.67
2024-06-01,HOLYOKE,MA,0,8171.52
2024-06-01,MALDEN,MA,0,36627.5
2024-06-01,MASHPEE,MA,0,200000.0
2024-06-01,NATICK,MA,0,1.18
2024-06-01,NEWTON CENTER,MA,0,799.76
2024-06-01,NORTHAMPTON,MA,0,13934.25
2024-06-01,SOMERVILLE,MA,0,374.97
2024-06-01,SPRINGFIELD,MA,0,15662.71
2024-06-01,TYNGSBORO,MA,0,1107.17
2024-06-01,WALTHAM,MA,0,425472.41000000003
2024-06-01,WATERTOWN,MA,0,39789.66
2024-06-01,WORCESTER,MA,0,37780.229999999996
2024-07-01,AMHERST,MA,0,539767.09
2024-07-01,ANDOVER,MA,0,8962.0
2024-07-01,AUBURNDALE,MA,0,158531.69
2024-07-01,BEDFORD,MA,0,10050.67
2024-07-01,BELMONT,MA,0,1944.76
2024-07-01,BEVERLY,MA,0,98000.0
2024-07-01,BOSTON,MA,0,23766281.41
2024-07-01,BRIGHTON,MA,0,9937.0
2024-07-01,CAMBRIDGE,MA,0,363419.79000000004
2024-07-01,CHARLESTOWN,MA,0,0.22000000000000003
2024-07-01,CHESTNUT HILL,MA,0,48111.0
2024-07-01,CONCORD,MA,0,12.0
2024-07-01,DORCHESTER,MA,0,6035.7300000000005
2024-07-01,DUXBURY,MA,0,98.7
2024-07-01,EVERETT,MA,0,0.11
2024-07-01,FALL RIVER,MA,0,60882.85
2024-07-01,FITCHBURG,MA,0,6861.24
2024-07-01,FRAMINGHAM,MA,0,497309.93
2024-07-01,GLOUCESTER,MA,0,1.0
2024-07-01,HADLEY,MA,0,20700.0
2024-07-01,HANSCOM AFB,MA,0,1572149.98
2024-07-01,HOLYOKE,MA,0,410719.7
2024-07-01,LOWELL,MA,0,561167.44
2024-07-01,MALDEN,MA,0,758017.77
2024-07-01,MASHPEE,MA,0,289785.79
2024-07-01,MEDFORD,MA,0,49227.0
2024-07-01,NORTH ANDOVER,MA,0,1588796.52
2024-07-01,ROXBURY,MA,0,57114.0
2024-07-01,ROXBURY CROSSING,MA,0,5779.7
2024-07-01,SALEM,MA,0,182200.0
2024-07-01,SEEKONK,MA,0,1140.38
2024-07-01,SOMERVILLE,MA,0,2416.5
2024-07-01,SPRINGFIELD,MA,0,544.0
2024-07-01,WALTHAM,MA,0,172031.46
2024-07-01,WATERTOWN,MA,0,19692.28
2024-07-01,WEBSTER,MA,0,215815.84
2024-07-01,WILMINGTON,MA,0,47948.31
2024-07-01,WOODS HOLE,MA,0,1641.42
2024-07-01,WORCESTER,MA,0,409597.28
2024-08-01,AMHERST,MA,0,319115.66
2024-08-01,ASHLAND,MA,0,102188.23
2024-08-01,ATTLEBORO,MA,0,16209.0
2024-08-01,BEDFORD,MA,0,168955.81
2024-08-01,BELMONT,MA,0,132461.36
2024-08-01,BEVERLY,MA,0,76453.34
2024-08-01,BOSTON,MA,0,38732853.22
2024-08-01,BROCKTON,MA,0,58681.17
2024-08-01,BROOKLINE,MA,0,405685.0
2024-08-01,CAMBRIDGE,MA,0,2311203.6
2024-08-01,CHARLESTOWN,MA,0,44594.08
2024-08-01,CHELSEA,MA,0,48444.58
2024-08-01,CHESTNUT HILL,MA,0,9801.92
2024-08-01,DORCHESTER,MA,0,679.32
2024-08-01,DOUGLAS,MA,0,27.01
2024-08-01,EAST BOSTON,MA,0,3760000.0
2024-08-01,EVERETT,MA,0,78428.0
2024-08-01,FALMOUTH,MA,0,21437.73
2024-08-01,GARDNER,MA,0,43447.91
2024-08-01,GEORGETOWN,MA,0,843.82
2024-08-01,GLOUCESTER,MA,0,79092.8
2024-08-01,HADLEY,MA,0,28975.0
2024-08-01,HANSCOM AFB,MA,0,1026470.45
2024-08-01,HOLYOKE,MA,0,31579.0
2024-08-01,HYANNIS,MA,0,342.0
2024-08-01,JAMAICA PLAIN,MA,0,11271.96
2024-08-01,LAWRENCE,MA,0,235872.0
2024-08-01,LOWELL,MA,0,363837.74
2024-08-01,LYNN,MA,0,138601.66
2024-08-01,MALDEN,MA,0,100468.0
2024-08-01,MARION,MA,0,46614.18
2024-08-01,MASHPEE,MA,0,17438.0
2024-08-01,MEDFORD,MA,0,1772730.12
2024-08-01,MILLBURY,MA,0,2577.1
2024-08-01,MILTON,MA,0,750000.0
2024-08-01,NANTUCKET,MA,0,43175.52
2024-08-01,NATICK,MA,0,942163.0
2024-08-01,NEW BEDFORD,MA,0,403.0
2024-08-01,NEWTON CENTER,MA,0,10729.91
2024-08-01,NEWTON HIGHLANDS,MA,0,572.0
2024-08-01,NORTH ADAMS,MA,0,393.79
2024-08-01,NORTH DARTMOUTH,MA,0,336081.0
2024-08-01,NORTHAMPTON,MA,0,41507.0
2024-08-01,OAKHAM,MA,0,867.62
2024-08-01,PITTSFIELD,MA,0,14399.4
2024-08-01,PLYMOUTH,MA,0,44529.96
2024-08-01,QUINCY,MA,0,770964.38
2024-08-01,RANDOLPH,MA,0,614984.4
2024-08-01,REVERE,MA,0,20000000.0
2024-08-01,ROXBURY,MA,0,16.34
2024-08-01,RUTLAND,MA,0,80601.0
2024-08-01,SALEM,MA,0,153907.25
2024-08-01,SEEKONK,MA,0,3008.27
2024-08-01,SHERBORN,MA,0,5476.19
2024-08-01,SOMERVILLE,MA,0,333629.19
2024-08-01,SPRINGFIELD,MA,0,354698.31
2024-08-01,STURBRIDGE,MA,0,0.01
2024-08-01,TRURO,MA,0,5969.14
2024-08-01,WALTHAM,MA,0,87407.91
2024-08-01,WARE,MA,0,19233.13
2024-08-01,WARWICK,MA,0,7619.06
2024-08-01,WATERTOWN,MA,0,1169268.95
2024-08-01,WELLESLEY HILLS,MA,0,1196202.0
2024-08-01,WESTFIELD,MA,0,14538.0
2024-08-01,WHITINSVILLE,MA,0,4352.0
2024-08-01,WILLIAMSTOWN,MA,0,1184616.0
2024-08-01,WINCHESTER,MA,0,35856.45
2024-08-01,WOBURN,MA,0,49969.63
2024-08-01,WOODS HOLE,MA,0,352532.0
2024-08-01,WORCESTER,MA,0,8425801.96
2024-09-01,AMHERST,MA,0,890551.79
2024-09-01,ASHBURNHAM,MA,0,4533.34
2024-09-01,AUBURN,MA,0,89608.88
2024-09-01,BARNSTABLE,MA,0,8402.519999999999
2024-09-01,BEDFORD,MA,0,10202.0
2024-09-01,BELMONT,MA,0,15.02
2024-09-01,BOSTON,MA,0,268339264.73
2024-09-01,BROCKTON,MA,0,281117.66
2024-09-01,CAMBRIDGE,MA,0,2197475.31
2024-09-01,CHARLESTOWN,MA,0,182492.5
2024-09-01,CHELSEA,MA,0,30.33
2024-09-01,CHESTNUT HILL,MA,0,4563.63
2024-09-01,DORCHESTER,MA,0,229807.93999999997
2024-09-01,EASTHAMPTON,MA,0,151657.44
2024-09-01,EVERETT,MA,0,1716800.0
2024-09-01,FITCHBURG,MA,0,132595.44
2024-09-01,FRAMINGHAM,MA,0,43000.0
2024-09-01,GARDNER,MA,0,54852.98
2024-09-01,GREAT BARRINGTON,MA,0,1432.34
2024-09-01,GREENFIELD,MA,0,649060.25
2024-09-01,GROTON,MA,0,46474.28
2024-09-01,HANSCOM AFB,MA,0,92595.0
2024-09-01,HAVERHILL,MA,0,149841.0
2024-09-01,HOLLISTON,MA,0,13876.189999999999
2024-09-01,HOLYOKE,MA,0,81820.92
2024-09-01,HOPEDALE,MA,0,5.0
2024-09-01,HOPKINTON,MA,0,192117.02
2024-09-01,HULL,MA,0,24999.0
2024-09-01,HYANNIS,MA,0,278282.91
2024-09-01,LEXINGTON,MA,0,304884.1
2024-09-01,LOWELL,MA,0,219458.66
2024-09-01,LYNN,MA,0,2304061.31
2024-09-01,MALDEN,MA,0,353704.66000000003
2024-09-01,NEWBURYPORT,MA,0,386174.0
2024-09-01,NORFOLK,MA,0,14246.63
2024-09-01,NORTH ATTLEBORO,MA,0,10.69
2024-09-01,NORTH DARTMOUTH,MA,0,48771.54
2024-09-01,OSTERVILLE,MA,0,4092.64
2024-09-01,PEABODY,MA,0,1392.53
2024-09-01,QUINCY,MA,0,372650.38
2024-09-01,REVERE,MA,0,144249.36
2024-09-01,SANDWICH,MA,0,87142.1
2024-09-01,SAUGUS,MA,0,266682.01
2024-09-01,SHIRLEY,MA,0,100.24
2024-09-01,SHREWSBURY,MA,0,127366.51
2024-09-01,SOMERVILLE,MA,0,93930.29
2024-09-01,SOUTH HADLEY,MA,0,5410.93
2024-09-01,SOUTHWICK,MA,0,5040.64
2024-09-01,SPRINGFIELD,MA,0,697154.91
2024-09-01,WAKEFIELD,MA,0,17468.0
2024-09-01,WALTHAM,MA,0,20126.61
2024-09-01,WARE,MA,0,90716.83
2024-09-01,WATERTOWN,MA,0,5248.5
2024-09-01,WELLFLEET,MA,0,30166.41
2024-09-01,WEST BOYLSTON,MA,0,2067.86
2024-09-01,WILMINGTON,MA,0,369110.87
2024-09-01,WINTHROP,MA,0,208218.52
2024-09-01,WOBURN,MA,0,12147.57
2024-09-01,WOODS HOLE,MA,0,13926.189999999999
2024-09-01,WORCESTER,MA,0,1314844.91
2024-09-01,WRENTHAM,MA,0,190782.81
2024-10-01,AMHERST,MA,0,6943.87
2024-10-01,AUBURNDALE,MA,0,16594.37
2024-10-01,BELMONT,MA,0,632110.42
2024-10-01,BOSTON,MA,0,672311312.58
2024-10-01,BROCKTON,MA,0,33108.46
2024-10-01,CAMBRIDGE,MA,0,4284656.88
2024-10-01,CHARLESTOWN,MA,0,53637.0
2024-10-01,CHELMSFORD,MA,0,238648.5
2024-10-01,DORCHESTER,MA,0,155279.24
2024-10-01,EVERETT,MA,0,24386.98
2024-10-01,FRAMINGHAM,MA,0,3656928.4699999997
2024-10-01,HANSCOM AFB,MA,0,82654.36
2024-10-01,HINGHAM,MA,0,264.74
2024-10-01,HOLLAND,MA,0,57377.5
2024-10-01,HYANNIS,MA,0,19764.78
2024-10-01,LAWRENCE,MA,0,124570.22
2024-10-01,LOWELL,MA,0,8980.15
2024-10-01,NANTUCKET,MA,0,55500.0
2024-10-01,NEW BEDFORD,MA,0,10187.08
2024-10-01,NEWTON CENTER,MA,0,102.86
2024-10-01,NORTH DARTMOUTH,MA,0,142.63
2024-10-01,NORTHAMPTON,MA,0,11585.13
2024-10-01,ROSLINDALE,MA,0,210198.24
2024-10-01,ROXBURY,MA,0,163010.72
2024-10-01,SOMERVILLE,MA,0,124256.66
2024-10-01,SOUTH DENNIS,MA,0,29062.07
2024-10-01,SPRINGFIELD,MA,0,146230.3
2024-10-01,WALTHAM,MA,0,133619.93000000002
2024-10-01,WELLESLEY HILLS,MA,0,53540.57
2024-10-01,WOODS HOLE,MA,0,196805.4
2024-10-01,WORCESTER,MA,0,98380.85999999999
2024-11-01,AMHERST,MA,0,106946.82
2024-11-01,ANDOVER,MA,0,33337.99
2024-11-01,BEVERLY,MA,0,49000.0
2024-11-01,BOSTON,MA,0,18791694.43
2024-11-01,BROCKTON,MA,0,100128.72
2024-11-01,CAMBRIDGE,MA,0,1554520.39
2024-11-01,CANTON,MA,0,5474.04
2024-11-01,CHARLESTOWN,MA,0,19272.03
2024-11-01,CHESTNUT HILL,MA,0,298668.55
2024-11-01,DORCHESTER,MA,0,48378.29
2024-11-01,DORCHESTER CENTER,MA,0,104.75
2024-11-01,EVERETT,MA,0,91172.95
2024-11-01,FALL RIVER,MA,0,1530397.52
2024-11-01,FRAMINGHAM,MA,0,391975.44
2024-11-01,HANSCOM AFB,MA,0,245753.72
2024-11-01,HINGHAM,MA,0,160000.0
2024-11-01,HOLDEN,MA,0,0.07
2024-11-01,LOWELL,MA,0,651410.16
2024-11-01,MANSFIELD,MA,0,195.49
2024-11-01,NORTH DARTMOUTH,MA,0,178669.0
2024-11-01,NORTHAMPTON,MA,0,2627.0299999999997
2024-11-01,POCASSET,MA,0,3.0
2024-11-01,PROVINCETOWN,MA,0,23743.62
2024-11-01,QUINCY,MA,0,8929.99
2024-11-01,RUTLAND,MA,0,8426.0
2024-11-01,SOMERVILLE,MA,0,24349.0
2024-11-01,SPRINGFIELD,MA,0,54057.729999999996
2024-11-01,WATERTOWN,MA,0,202138.22
2024-11-01,WELLESLEY HILLS,MA,0,218.72
2024-11-01,WORCESTER,MA,0,486814.56
2024-12-01,AMHERST,MA,0,1211337.01
2024-12-01,BOSTON,MA,0,33376855.96
2024-12-01,BOYLSTON,MA,0,1382.93
2024-12-01,BRIDGEWATER,MA,0,13317.4
2024-12-01,BRIGHTON,MA,0,150000.0
2024-12-01,CAMBRIDGE,MA,0,2251922.42
2024-12-01,CHATHAM,MA,0,956.11
2024-12-01,CHICOPEE,MA,0,0.4
2024-12-01,EDGARTOWN,MA,0,9.09
2024-12-01,FALMOUTH,MA,0,84600.0
2024-12-01,FRAMINGHAM,MA,0,196298.63
2024-12-01,HANSCOM AFB,MA,0,518459.89
2024-12-01,LOWELL,MA,0,162501.49
2024-12-01,MALDEN,MA,0,407347.15
2024-12-01,MANSFIELD,MA,0,46386.03
2024-12-01,NEW BEDFORD,MA,0,712977.44
2024-12-01,NEWBURYPORT,MA,0,157835.55
2024-12-01,NORTHAMPTON,MA,0,276226.0
2024-12-01,NORWOOD,MA,0,15152.54
2024-12-01,PEPPERELL,MA,0,52.39
2024-12-01,PITTSFIELD,MA,0,3049.31
2024-12-01,RANDOLPH,MA,0,112862.76
2024-12-01,SPRINGFIELD,MA,0,188.72
2024-12-01,WALTHAM,MA,0,1364342.2
2024-12-01,WOODS HOLE,MA,0,24788.100000000002
2024-12-01,WORCESTER,MA,0,1281334.6400000001
2025-01-01,ALLSTON,MA,0,49800.56
2025-01-01,AMHERST,MA,0,12000.0
2025-01-01,AMHERST,MA,1,61412.310000000005
2025-01-01,ATTLEBORO,MA,1,4700.82
2025-01-01,AUBURNDALE,MA,1,103679.93
2025-01-01,BEVERLY,MA,1,84378.75
2025-01-01,BOSTON,MA,0,35303776.18
2025-01-01,BOSTON,MA,1,15790696.84
2025-01-01,BRAINTREE,MA,0,1619925.0
2025-01-01,CAMBRIDGE,MA,0,811641.19
2025-01-01,CAMBRIDGE,MA,1,2799096.85
2025-01-01,CANTON,MA,0,494931.88
2025-01-01,CHELSEA,MA,1,30941.0
2025-01-01,CHESTNUT HILL,MA,0,1228702.0
2025-01-01,CHESTNUT HILL,MA,1,81604.45
2025-01-01,DEVENS,MA,0,1075290.0
2025-01-01,DORCHESTER,MA,1,30.18
2025-01-01,EASTHAMPTON,MA,0,7660.56
2025-01-01,EVERETT,MA,0,1.0899999999999999
2025-01-01,EVERETT,MA,1,11601.0
2025-01-01,FRAMINGHAM,MA,0,679.5799999999999
2025-01-01,FRAMINGHAM,MA,1,435.40000000000003
2025-01-01,HAVERHILL,MA,0,2443704.72
2025-01-01,HAVERHILL,MA,1,39125.89
2025-01-01,HOLYOKE,MA,0,28665.0
2025-01-01,JAMAICA PLAIN,MA,1,9176.53
2025-01-01,LOWELL,MA,0,58305.12
2025-01-01,LOWELL,MA,1,13.7
2025-01-01,NEW BEDFORD,MA,0,350000.0
2025-01-01,NEW BEDFORD,MA,1,7529.05
2025-01-01,NEWTON CENTER,MA,0,26853.04
2025-01-01,NORTH ADAMS,MA,1,0.33
2025-01-01,NORTHAMPTON,MA,0,582.62
2025-01-01,PEPPERELL,MA,0,12760.77
2025-01-01,PITTSFIELD,MA,1,158140.0
2025-01-01,PLYMOUTH,MA,1,40018.34
2025-01-01,ROSLINDALE,MA,0,35891.13
2025-01-01,ROSLINDALE,MA,1,9987.77
2025-01-01,ROXBURY,MA,1,2527901.28
2025-01-01,SOMERVILLE,MA,1,3283.86
2025-01-01,SOUTH BOSTON,MA,1,8695.34
2025-01-01,SOUTH YARMOUTH,MA,0,43680.52
2025-01-01,SPRINGFIELD,MA,0,754460.31
2025-01-01,SPRINGFIELD,MA,1,285860.87
2025-01-01,WAKEFIELD,MA,0,28290.0
2025-01-01,WALTHAM,MA,0,124036.21
2025-01-01,WALTHAM,MA,1,67184.78
2025-01-01,WATERTOWN,MA,1,180621.9
2025-01-01,WOODS HOLE,MA,0,82527.79999999999
2025-01-01,WOODS HOLE,MA,1,24.009999999999998
2025-01-01,WORCESTER,MA,0,532932.0
2025-01-01,WORCESTER,MA,1,318585.04
2025-02-01,AMHERST,MA,1,1164904.16
2025-02-01,BEVERLY,MA,1,374711.68
2025-02-01,BOSTON,MA,1,817363252.46
2025-02-01,BRAINTREE,MA,1,0.12
2025-02-01,CAMBRIDGE,MA,1,5612984.91
2025-02-01,CANTON,MA,1,19826.39
2025-02-01,CHELSEA,MA,1,64778.81
2025-02-01,CHESTNUT HILL,MA,1,174578.5
2025-02-01,DORCHESTER,MA,1,2659.21
2025-02-01,EVERETT,MA,1,1497.6599999999999
2025-02-01,FALMOUTH,MA,1,5865.55
2025-02-01,FITCHBURG,MA,1,278801.38999999996
2025-02-01,FRAMINGHAM,MA,1,53869.45
2025-02-01,GREENFIELD,MA,1,4946.86
2025-02-01,LEOMINSTER,MA,1,1240.65
2025-02-01,LINCOLN,MA,1,2341.3
2025-02-01,LOWELL,MA,1,158115.72
2025-02-01,MALDEN,MA,1,0.11
2025-02-01,MEDFORD,MA,1,91.13
2025-02-01,MIDDLETON,MA,1,140.74
2025-02-01,NEW BEDFORD,MA,1,97823.88
2025-02-01,NORTH DARTMOUTH,MA,1,14724.970000000001
2025-02-01,PLYMOUTH,MA,1,19.08
2025-02-01,QUINCY,MA,1,2908.84
2025-02-01,RAYNHAM,MA,1,1116.2
2025-02-01,ROXBURY,MA,1,79837.73
2025-02-01,ROXBURY CROSSING,MA,1,40306.56
2025-02-01,SOMERVILLE,MA,1,200516.01
2025-02-01,SPRINGFIELD,MA,1,145000.0
2025-02-01,WALTHAM,MA,1,283690.34
2025-02-01,WESTBOROUGH,MA,1,164395625.0
2025-02-01,WOODS HOLE,MA,1,84219.54
2025-02-01,WORCESTER,MA,1,333539.28
2025-03-01,ACTON,MA,1,24216.57
2025-03-01,AMHERST,MA,1,1327894.9
2025-03-01,AUBURNDALE,MA,1,56276.32
2025-03-01,BELMONT,MA,1,0.05
2025-03-01,BEVERLY,MA,1,80704.12
2025-03-01,BOSTON,MA,1,20087012.37
2025-03-01,BRAINTREE,MA,1,1319461.0
2025-03-01,BROCKTON,MA,1,2050215.01
2025-03-01,CAMBRIDGE,MA,1,1145153.41
2025-03-01,CANTON,MA,1,211568.0
2025-03-01,CHESTNUT HILL,MA,1,27779.6
2025-03-01,DANVERS,MA,1,38164.0
2025-03-01,DEVENS,MA,1,224296.79
2025-03-01,DORCHESTER,MA,1,858389.01
2025-03-01,EVERETT,MA,1,228402.85
2025-03-01,FALL RIVER,MA,1,176871.68
2025-03-01,FITCHBURG,MA,1,60308.48
2025-03-01,FRAMINGHAM,MA,1,240955.67
2025-03-01,GREENFIELD,MA,1,4887.0
2025-03-01,HADLEY,MA,1,0.74
2025-03-01,HANSCOM AFB,MA,1,218414.37
2025-03-01,HOLYOKE,MA,1,287185.34
2025-03-01,JAMAICA PLAIN,MA,1,156455.0
2025-03-01,LAWRENCE,MA,1,3874.0
2025-03-01,LOWELL,MA,1,3001376.59
2025-03-01,MEDFORD,MA,1,1217.57
2025-03-01,NATICK,MA,1,627846.23
2025-03-01,NORTH DARTMOUTH,MA,1,1717319.0
2025-03-01,NORTHAMPTON,MA,1,0.05
2025-03-01,PLYMOUTH,MA,1,4596.3
2025-03-01,QUINCY,MA,1,116950.69
2025-03-01,ROXBURY CROSSING,MA,1,290307.64
2025-03-01,SOMERVILLE,MA,1,1318410.45
2025-03-01,SPRINGFIELD,MA,1,257627.62
2025-03-01,WALTHAM,MA,1,287081.13
2025-03-01,WATERTOWN,MA,1,5451.530000000001
2025-03-01,WOODS HOLE,MA,1,67884.68000000001
2025-03-01,WORCESTER,MA,1,1793025.07
2025-04-01,AMHERST,MA,1,327654.87
2025-04-01,ANDOVER,MA,1,4431.09
2025-04-01,ASHBURNHAM,MA,1,2028.85
2025-04-01,BEVERLY,MA,1,98000.0
2025-04-01,BOSTON,MA,1,257293562.62
2025-04-01,BROCKTON,MA,1,62279.18
2025-04-01,CAMBRIDGE,MA,1,5931241.97
2025-04-01,CANTON,MA,1,321.86
2025-04-01,CHARLESTOWN,MA,1,3256.19
2025-04-01,CHELMSFORD,MA,1,1038.01
2025-04-01,CHELSEA,MA,1,187.77
2025-04-01,CHESTNUT HILL,MA,1,121173.44
2025-04-01,CHILMARK,MA,1,60824.0
2025-04-01,DANVERS,MA,1,49432.85
2025-04-01,DEDHAM,MA,1,248.0
2025-04-01,DORCHESTER,MA,1,1081.84
2025-04-01,EASTHAMPTON,MA,1,0.16
2025-04-01,EVERETT,MA,1,3454832.49
2025-04-01,FRAMINGHAM,MA,1,2413094.4899999998
2025-04-01,HADLEY,MA,1,607039.57
2025-04-01,HANSCOM AFB,MA,1,148200.0
2025-04-01,LAWRENCE,MA,1,110204.06
2025-04-01,LEXINGTON,MA,1,1.0
2025-04-01,LOWELL,MA,1,21779.64
2025-04-01,LYNN,MA,1,395695.37
2025-04-01,MALDEN,MA,1,27060.94
2025-04-01,MATTAPOISETT,MA,1,15621.0
2025-04-01,MEDFORD,MA,1,3066.07
2025-04-01,NANTUCKET,MA,1,6878.68
2025-04-01,NEW BEDFORD,MA,1,248425.13999999998
2025-04-01,NORTH ANDOVER,MA,1,22273.120000000003
2025-04-01,PLYMOUTH,MA,1,2425.96
2025-04-01,ROXBURY CROSSING,MA,1,80979.8
2025-04-01,SPRINGFIELD,MA,1,1435980.0
2025-04-01,WALTHAM,MA,1,432293.73
2025-04-01,WATERTOWN,MA,1,3501.94
2025-04-01,WESTFIELD,MA,1,63337.72
2025-04-01,WOODS HOLE,MA,1,7915.7
2025-04-01,WORCESTER,MA,1,3659916.31
2025-05-01,AMHERST,MA,1,47088.16
2025-05-01,BEVERLY,MA,1,1200000.0
2025-05-01,BOSTON,MA,1,1165324977.2
2025-05-01,BRAINTREE,MA,1,326833.49
2025-05-01,BRIDGEWATER,MA,1,65601.8
2025-05-01,CAMBRIDGE,MA,1,343723.4
2025-05-01,CANTON,MA,1,15162.56
2025-05-01,DORCHESTER,MA,1,265957.94
2025-05-01,EVERETT,MA,1,24216679.22
2025-05-01,FALL RIVER,MA,1,507614.9
2025-05-01,FRAMINGHAM,MA,1,3625920.08
2025-05-01,GREENFIELD,MA,1,1928.72
2025-05-01,HADLEY,MA,1,874.41
2025-05-01,HANSCOM AFB,MA,1,1281526.72
2025-05-01,HINGHAM,MA,1,1.0
2025-05-01,LONGMEADOW,MA,1,191596.66
2025-05-01,LOWELL,MA,1,102550.78
2025-05-01,LYNN,MA,1,114762.42
2025-05-01,MARSHFIELD,MA,1,3651.03
2025-05-01,MASHPEE,MA,1,497.0
2025-05-01,MEDFORD,MA,1,13.7
2025-05-01,METHUEN,MA,1,640000.0
2025-05-01,NEWTONVILLE,MA,1,7965.48
2025-05-01,NORTH DARTMOUTH,MA,1,10631.6
2025-05-01,NORTON,MA,1,3408.69
2025-05-01,ORLEANS,MA,1,1011.16
2025-05-01,ROSLINDALE,MA,1,988.45
2025-05-01,ROXBURY CROSSING,MA,1,83386.08
2025-05-01,SALEM,MA,1,4355.0
2025-05-01,SPRINGFIELD,MA,1,234546.0
2025-05-01,WALTHAM,MA,1,26278.0
2025-05-01,WATERTOWN,MA,1,17677.98
2025-05-01,WELLESLEY HILLS,MA,1,2114.04
2025-05-01,WINCHESTER,MA,1,522.96
2025-05-01,WOBURN,MA,1,2164.4
2025-05-01,WOODS HOLE,MA,1,16994.07
2025-05-01,WORCESTER,MA,1,759527.48
2025-06-01,ALLSTON,MA,1,5.0
2025-06-01,AMHERST,MA,1,845667.8300000001
2025-06-01,ANDOVER,MA,1,750.0
2025-06-01,ASHLAND,MA,1,89091.25
2025-06-01,AUBURNDALE,MA,1,636.0
2025-06-01,BARNSTABLE,MA,1,46509.57
2025-06-01,BELMONT,MA,1,51749.26
2025-06-01,BEVERLY,MA,1,22431.68
2025-06-01,BOSTON,MA,1,33515968.63
2025-06-01,BROCKTON,MA,1,15986.45
2025-06-01,CAMBRIDGE,MA,1,4111336.57
2025-06-01,CHARLESTOWN,MA,1,29459.739999999998
2025-06-01,CHESTNUT HILL,MA,1,580773.87
2025-06-01,DEVENS,MA,1,86051.42
2025-06-01,DORCHESTER,MA,1,594.62
2025-06-01,DUXBURY,MA,1,91701.6
2025-06-01,FALL RIVER,MA,1,927215.14
2025-06-01,FALMOUTH,MA,1,52886.7
2025-06-01,FRAMINGHAM,MA,1,930237.25
2025-06-01,GLOUCESTER,MA,1,2800.55
2025-06-01,GREENFIELD,MA,1,295879.55
2025-06-01,HANSCOM AFB,MA,1,800529.2999999999
2025-06-01,HAVERHILL,MA,1,144795.66999999998
2025-06-01,HOLYOKE,MA,1,9.0
2025-06-01,HYANNIS,MA,1,675735.17
2025-06-01,LAWRENCE,MA,1,1542301.6099999999
2025-06-01,LOWELL,MA,1,411516.78
2025-06-01,LYNN,MA,1,382642.06
2025-06-01,MASHPEE,MA,1,0.16
2025-06-01,MEDFORD,MA,1,3.19
2025-06-01,NANTUCKET,MA,1,228057.0
2025-06-01,NEW BEDFORD,MA,1,1002672.92
2025-06-01,NEWBURYPORT,MA,1,6105.08
2025-06-01,NEWTON CENTER,MA,1,25000.0
2025-06-01,NORTON,MA,1,65375.34
2025-06-01,PEABODY,MA,1,52.1
2025-06-01,QUINCY,MA,1,1249451.15
2025-06-01,SOMERVILLE,MA,1,331542.91
2025-06-01,SOUTH YARMOUTH,MA,1,1495000.0
2025-06-01,SPRINGFIELD,MA,1,746801.2799999999
2025-06-01,SWAMPSCOTT,MA,1,69815.27
2025-06-01,TRURO,MA,1,7453.68
2025-06-01,WALTHAM,MA,1,5046.21
2025-06-01,WATERTOWN,MA,1,168652.0
2025-06-01,WAYLAND,MA,1,62204.96
2025-06-01,WESTBOROUGH,MA,1,3183.87
2025-06-01,WOBURN,MA,1,274967.89
2025-06-01,WOODS HOLE,MA,1,49168.41
2025-06-01,WORCESTER,MA,1,5779270.36
2025-07-01,AMHERST,MA,1,200411.93
2025-07-01,ANDOVER,MA,1,61480.979999999996
2025-07-01,BELMONT,MA,1,46893.07
2025-07-01,BOSTON,MA,1,42104645.050000004
2025-07-01,BRIMFIELD,MA,1,2914.77
2025-07-01,BURLINGTON,MA,1,8750.66
2025-07-01,CAMBRIDGE,MA,1,1839073.81
2025-07-01,CANTON,MA,1,43063.53
2025-07-01,CHESTNUT HILL,MA,1,567196.39
2025-07-01,CONCORD,MA,1,21822.0
2025-07-01,DEDHAM,MA,1,162.0
2025-07-01,DORCHESTER,MA,1,627138.37
2025-07-01,EVERETT,MA,1,29361.079999999998
2025-07-01,FRAMINGHAM,MA,1,692527.5399999999
2025-07-01,GLOUCESTER,MA,1,186264.84
2025-07-01,HADLEY,MA,1,35.12
2025-07-01,HANSCOM AFB,MA,1,134866.94
2025-07-01,JAMAICA PLAIN,MA,1,447122.0
2025-07-01,LOWELL,MA,1,288534.12
2025-07-01,MALDEN,MA,1,170987.40000000002
2025-07-01,MASHPEE,MA,1,36694.02
2025-07-01,MEDFORD,MA,1,391928.58999999997
2025-07-01,NEW BEDFORD,MA,1,805356.25
2025-07-01,NEWBURYPORT,MA,1,344522.0
2025-07-01,NORTHAMPTON,MA,1,495341.0
2025-07-01,PITTSFIELD,MA,1,8273.39
2025-07-01,QUINCY,MA,1,62207.68
2025-07-01,READING,MA,1,40.42
2025-07-01,WALTHAM,MA,1,347065.3
2025-07-01,WATERTOWN,MA,1,317.0
2025-07-01,WESTBOROUGH,MA,1,12619.03
2025-07-01,WESTON,MA,1,53048.0
2025-07-01,WOODS HOLE,MA,1,49395.12
2025-07-01,WORCESTER,MA,1,515014.81
2025-08-01,AMHERST,MA,1,576960.0
2025-08-01,ANDOVER,MA,1,838.25
2025-08-01,AUBURN,MA,1,950.0
2025-08-01,BARNSTABLE,MA,1,7850.47
2025-08-01,BELMONT,MA,1,22881.79
2025-08-01,BEVERLY,MA,1,1600932.31
2025-08-01,BOSTON,MA,1,17770123.2
2025-08-01,BRAINTREE,MA,1,45632.15
2025-08-01,BROOKLINE,MA,1,62009.81
2025-08-01,CAMBRIDGE,MA,1,2915770.96
2025-08-01,CHESTNUT HILL,MA,1,1572.04
2025-08-01,CHICOPEE,MA,1,118965.28
2025-08-01,CLINTON,MA,1,5510.86
2025-08-01,CONCORD,MA,1,196.4
2025-08-01,DANVERS,MA,1,900.0
2025-08-01,DEVENS,MA,1,179.0
2025-08-01,DORCHESTER,MA,1,415902.0
2025-08-01,DORCHESTER CENTER,MA,1,29963.86
2025-08-01,DUNSTABLE,MA,1,49.78
2025-08-01,EAST BOSTON,MA,1,20204.0
2025-08-01,ESSEX,MA,1,3809.52
2025-08-01,EVERETT,MA,1,268500.02999999997
2025-08-01,FITCHBURG,MA,1,1223.0
2025-08-01,FRAMINGHAM,MA,1,5192845.640000001
2025-08-01,HADLEY,MA,1,1807565.0
2025-08-01,HANOVER,MA,1,2696.26
2025-08-01,HANSCOM AFB,MA,1,11500.0
2025-08-01,HANSON,MA,1,60.0
2025-08-01,HINGHAM,MA,1,240.78
2025-08-01,JAMAICA PLAIN,MA,1,49198.29
2025-08-01,LOWELL,MA,1,1375363.34
2025-08-01,MALDEN,MA,1,5456.63
2025-08-01,MAYNARD,MA,1,12750.39
2025-08-01,MEDFORD,MA,1,400009.4
2025-08-01,NEW BEDFORD,MA,1,1101.83
2025-08-01,NEWBURYPORT,MA,1,400.0
2025-08-01,NORTH DARTMOUTH,MA,1,67029.29
2025-08-01,NORTON,MA,1,1003.22
2025-08-01,ORLEANS,MA,1,626.03
2025-08-01,PEABODY,MA,1,568.18
2025-08-01,PITTSFIELD,MA,1,1943661.52
2025-08-01,QUINCY,MA,1,34229.1
2025-08-01,RAYNHAM,MA,1,85111.6
2025-08-01,ROSLINDALE,MA,1,175706.96
2025-08-01,ROWLEY,MA,1,67794.13
2025-08-01,SAUGUS,MA,1,216077.0
2025-08-01,SCITUATE,MA,1,6899.6900000000005
2025-08-01,SHREWSBURY,MA,1,108.9
2025-08-01,SOMERVILLE,MA,1,992697.04
2025-08-01,SOUTH BOSTON,MA,1,10566.8
2025-08-01,SPRINGFIELD,MA,1,5250.0
2025-08-01,STOUGHTON,MA,1,892.5
2025-08-01,TAUNTON,MA,1,0.24
2025-08-01,TEWKSBURY,MA,1,10766.4
2025-08-01,WALTHAM,MA,1,83073.36
2025-08-01,WATERTOWN,MA,1,2495438.1399999997
2025-08-01,WESTFORD,MA,1,15426.82
2025-08-01,WEYMOUTH,MA,1,9229.27
2025-08-01,WOODS HOLE,MA,1,0.01
2025-08-01,WORCESTER,MA,1,631265.01
2025-09-01,AMHERST,MA,1,201236.58000000002
2025-09-01,BELMONT,MA,1,64265.37
2025-09-01,BOSTON,MA,1,567847936.98
2025-09-01,BRIGHTON,MA,1,30000.0
2025-09-01,CAMBRIDGE,MA,1,6808251.359999999
2025-09-01,CANTON,MA,1,784303.87
2025-09-01,CHESTNUT HILL,MA,1,251180.99
2025-09-01,CHILMARK,MA,1,105240.0
2025-09-01,DORCHESTER,MA,1,68041.14
2025-09-01,EVERETT,MA,1,2237.23
2025-09-01,FITCHBURG,MA,1,378.0
2025-09-01,FRAMINGHAM,MA,1,8158826.63
2025-09-01,GLOUCESTER,MA,1,252299.0
2025-09-01,HADLEY,MA,1,176.14
2025-09-01,HANSCOM AFB,MA,1,50238.4
2025-09-01,HOLYOKE,MA,1,36324.0
2025-09-01,HOPKINTON,MA,1,86767.85
2025-09-01,HYANNIS,MA,1,108919.0
2025-09-01,LAWRENCE,MA,1,26523.0
2025-09-01,LOWELL,MA,1,797103.2400000001
2025-09-01,LYNN,MA,1,145537.0
2025-09-01,MALDEN,MA,1,32783473.23
2025-09-01,NANTUCKET,MA,1,18127.0
2025-09-01,NEW BEDFORD,MA,1,2689613.0
2025-09-01,NEWTON HIGHLANDS,MA,1,99059.0
2025-09-01,NORTH DARTMOUTH,MA,1,2.17
2025-09-01,NORTHAMPTON,MA,1,157487.0
2025-09-01,ORLEANS,MA,1,8136.0
2025-09-01,PETERSHAM,MA,1,4761.9
2025-09-01,PITTSFIELD,MA,1,2518178.0
2025-09-01,QUINCY,MA,1,40675.0
2025-09-01,ROCHESTER,MA,1,15659.0
2025-09-01,ROSLINDALE,MA,1,582206.05
2025-09-01,SOMERVILLE,MA,1,26372.11
2025-09-01,SPRINGFIELD,MA,1,105987.71
2025-09-01,STOCKBRIDGE,MA,1,20414.0
2025-09-01,TAUNTON,MA,1,42618.0
2025-09-01,WALTHAM,MA,1,5115.33
2025-09-01,WELLESLEY HILLS,MA,1,132446.8
2025-09-01,WESTFIELD,MA,1,20952.0
2025-09-01,WOBURN,MA,1,47105.39
2025-09-01,WOODS HOLE,MA,1,36229.64
2025-09-01,WORCESTER,MA,1,675532.29
